GEOSTAT_gr;GRD_ID;kolej;10km;15km;20km
48;1kmN3071E4920;;;;
169;1kmN3072E4920;1;;;
146;1kmN3074E4920;;;;
411;1kmN3079E4920;;;;
57;1kmN3064E4921;;;;
24;1kmN3065E4921;;;;
324;1kmN3067E4921;;;;
15;1kmN3068E4921;;;;
30;1kmN3070E4921;;;;0
5;1kmN3071E4921;;;;
3;1kmN3072E4921;1;;;
147;1kmN3074E4921;;;;
119;1kmN3075E4921;;;;
69;1kmN3079E4921;;;;
251;1kmN3053E4922;;;;
10;1kmN3058E4922;;;;
54;1kmN3059E4922;;;;
186;1kmN3060E4922;;;0;
226;1kmN3064E4922;;;;
253;1kmN3065E4922;;;;
148;1kmN3066E4922;;;;
142;1kmN3068E4922;;;;
163;1kmN3069E4922;;;;
57;1kmN3072E4922;1;;;
27;1kmN3073E4922;;;;
40;1kmN3074E4922;;;;
2;1kmN3075E4922;;;;
113;1kmN3045E4923;;;;
5;1kmN3046E4923;;;;
167;1kmN3047E4923;;;;
137;1kmN3050E4923;;;;
75;1kmN3051E4923;;;;
199;1kmN3053E4923;;;;
23;1kmN3054E4923;;;;
81;1kmN3058E4923;;;;
455;1kmN3059E4923;;;;
7;1kmN3060E4923;;;;
240;1kmN3064E4923;;;0;
61;1kmN3066E4923;;;;
3;1kmN3067E4923;;;;
115;1kmN3068E4923;;;;
178;1kmN3071E4923;1;;;0
72;1kmN3072E4923;1;;;0
129;1kmN3073E4923;;;;
48;1kmN3074E4923;;;;
192;1kmN3075E4923;;;;
149;1kmN3076E4923;;;;
5;1kmN3081E4923;;;;
2;1kmN3082E4923;;;;
66;1kmN3037E4924;;;;
20;1kmN3038E4924;;;;
16;1kmN3039E4924;;;;
4;1kmN3040E4924;;;;0
5;1kmN3041E4924;;;;
113;1kmN3042E4924;;;;
67;1kmN3043E4924;;;;
90;1kmN3045E4924;;;;
441;1kmN3047E4924;;;0;
119;1kmN3048E4924;;;0;
20;1kmN3054E4924;;;;5
407;1kmN3055E4924;;;;5
227;1kmN3056E4924;;;;5
31;1kmN3058E4924;;;;5
323;1kmN3059E4924;;;;5
3;1kmN3062E4924;1;;;5
198;1kmN3070E4924;;;;
106;1kmN3071E4924;1;;;
558;1kmN3072E4924;;;;0
2172;1kmN3073E4924;;;;
253;1kmN3079E4924;;;;
246;1kmN3080E4924;;;;
849;1kmN3030E4925;;;;
313;1kmN3031E4925;;;;
33;1kmN3032E4925;;;;
389;1kmN3033E4925;;;;
1567;1kmN3034E4925;;;;
75;1kmN3035E4925;;;;
8;1kmN3036E4925;;;;
875;1kmN3037E4925;;;;
127;1kmN3038E4925;;;;
395;1kmN3039E4925;;;;0
126;1kmN3040E4925;;;;0
4;1kmN3041E4925;;;;
38;1kmN3042E4925;;;;
86;1kmN3048E4925;;;;
73;1kmN3049E4925;;;;
63;1kmN3050E4925;;;;5
70;1kmN3055E4925;;;;
6;1kmN3056E4925;;;;
5;1kmN3059E4925;;;;
28;1kmN3061E4925;;;;
24;1kmN3064E4925;;;;5
35;1kmN3065E4925;;;;5
65;1kmN3066E4925;;;0;5
183;1kmN3070E4925;1;;;
80;1kmN3071E4925;1;;;
276;1kmN3072E4925;;;;0
466;1kmN3073E4925;;;;0
10;1kmN3074E4925;;;;
19;1kmN3078E4925;;;;
599;1kmN3079E4925;;;;
38;1kmN3080E4925;;;;
31;1kmN3081E4925;;;;
9;1kmN3082E4925;;;;
67;1kmN3084E4925;;;;
764;1kmN3030E4926;;;;
259;1kmN3031E4926;;;;
52;1kmN3032E4926;;;;
715;1kmN3033E4926;;;;
1125;1kmN3034E4926;;;;
268;1kmN3035E4926;;;;
44;1kmN3036E4926;;;;
691;1kmN3037E4926;;;;
21;1kmN3039E4926;;;;0
211;1kmN3045E4926;;;0;
212;1kmN3046E4926;;;;
4;1kmN3048E4926;;;;5
28;1kmN3049E4926;;;;5
358;1kmN3050E4926;;;;5
244;1kmN3051E4926;;;;
146;1kmN3052E4926;;;;
9;1kmN3053E4926;;0;;
254;1kmN3060E4926;;;;
431;1kmN3061E4926;;;;
333;1kmN3063E4926;;;;
196;1kmN3064E4926;;;;
110;1kmN3065E4926;;;;
642;1kmN3066E4926;;;;5
21;1kmN3070E4926;1;;;
117;1kmN3071E4926;;;;
151;1kmN3072E4926;;;;
16;1kmN3074E4926;;;;0
235;1kmN3075E4926;;;;
138;1kmN3077E4926;;;;
10;1kmN3078E4926;;;;
34;1kmN3081E4926;;;;
11;1kmN3084E4926;;;;
1478;1kmN3030E4927;;;;
347;1kmN3031E4927;;;;
253;1kmN3032E4927;;;;
1199;1kmN3033E4927;;;;
821;1kmN3034E4927;;;;
207;1kmN3035E4927;;;;
84;1kmN3036E4927;;;;
25;1kmN3038E4927;;;;0
31;1kmN3040E4927;;;;
208;1kmN3044E4927;;;0;
615;1kmN3045E4927;;;;
81;1kmN3046E4927;;;;
18;1kmN3051E4927;;0;;
425;1kmN3052E4927;;0;;
821;1kmN3053E4927;;0;;
117;1kmN3054E4927;;;;
122;1kmN3060E4927;;0;;
42;1kmN3061E4927;;0;;
56;1kmN3065E4927;;;;
16;1kmN3066E4927;;;;
14;1kmN3067E4927;;;;
148;1kmN3068E4927;;;0;5
13;1kmN3069E4927;1;;;5
77;1kmN3073E4927;;;;
2;1kmN3074E4927;;;;0
38;1kmN3076E4927;;;;
132;1kmN3077E4927;;;;
42;1kmN3078E4927;;;;
338;1kmN3081E4927;;;;
7;1kmN3082E4927;;;;
20;1kmN3083E4927;;;;
1178;1kmN3030E4928;;;;
564;1kmN3031E4928;;;;
508;1kmN3032E4928;;;;
3953;1kmN3033E4928;;;;
853;1kmN3034E4928;;;;
1310;1kmN3035E4928;;;;
739;1kmN3036E4928;;;;
558;1kmN3037E4928;;;;0
375;1kmN3038E4928;;;;0
23;1kmN3041E4928;;;;
44;1kmN3045E4928;;;;5
39;1kmN3046E4928;;;;5
142;1kmN3047E4928;;;;5
7;1kmN3051E4928;;0;;
31;1kmN3052E4928;;;;
93;1kmN3053E4928;;;;
604;1kmN3054E4928;;;;
49;1kmN3055E4928;;;;
8;1kmN3056E4928;;;;
19;1kmN3057E4928;;;;
212;1kmN3061E4928;;0;;
361;1kmN3062E4928;1;0;;
1;1kmN3063E4928;;0;;
7;1kmN3065E4928;;;;
1;1kmN3066E4928;;;;
460;1kmN3068E4928;1;;0;
213;1kmN3069E4928;1;;0;
26;1kmN3072E4928;;;;
108;1kmN3073E4928;;;;
2;1kmN3074E4928;;;;0
49;1kmN3076E4928;;;;
4;1kmN3077E4928;;;;
231;1kmN3078E4928;;;;
19;1kmN3079E4928;;;;
37;1kmN3081E4928;;;;
85;1kmN3083E4928;;;;
1121;1kmN3031E4929;;;;
4529;1kmN3032E4929;;;;
9175;1kmN3033E4929;;;;
7488;1kmN3034E4929;;;;
1278;1kmN3035E4929;;;;
2181;1kmN3036E4929;;;;
1181;1kmN3037E4929;;;;0
350;1kmN3038E4929;;;;
106;1kmN3039E4929;;;;
102;1kmN3040E4929;;;;
1079;1kmN3041E4929;;;;
70;1kmN3042E4929;;;0;
80;1kmN3046E4929;;;;
329;1kmN3047E4929;;;;
333;1kmN3048E4929;;0;;
45;1kmN3049E4929;;0;;
28;1kmN3050E4929;;;;
507;1kmN3051E4929;;;;
43;1kmN3052E4929;;;;
83;1kmN3053E4929;;;;
376;1kmN3056E4929;;;5;
421;1kmN3057E4929;;;5;
85;1kmN3058E4929;;;5;
558;1kmN3059E4929;;;5;
33;1kmN3060E4929;;;5;
17;1kmN3062E4929;1;;5;
138;1kmN3064E4929;;0;;
39;1kmN3065E4929;;;;
79;1kmN3068E4929;1;;;
288;1kmN3069E4929;;;0;
7;1kmN3071E4929;;;;5
11;1kmN3072E4929;;;;5
23;1kmN3073E4929;;;;
18;1kmN3074E4929;;;;
42;1kmN3075E4929;;;;0
49;1kmN3076E4929;;;;
58;1kmN3078E4929;;;;
259;1kmN3079E4929;;;;
16;1kmN3080E4929;;;;
32;1kmN3081E4929;;;;
57;1kmN3082E4929;;;;
104;1kmN3083E4929;;;;
561;1kmN3031E4930;;;;
1136;1kmN3032E4930;;;;
5526;1kmN3033E4930;;;;
2310;1kmN3034E4930;;;;
892;1kmN3035E4930;;;;
652;1kmN3036E4930;;;;
372;1kmN3037E4930;;;;0
550;1kmN3038E4930;;;;
958;1kmN3039E4930;;;;
42;1kmN3040E4930;;;;
581;1kmN3041E4930;;;;
35;1kmN3042E4930;;;0;
15;1kmN3045E4930;;;;
441;1kmN3046E4930;;;;
894;1kmN3047E4930;;;;
150;1kmN3048E4930;;0;;
4;1kmN3049E4930;;;;
46;1kmN3050E4930;;;;
851;1kmN3051E4930;;;5;
1026;1kmN3052E4930;;;5;
210;1kmN3053E4930;;;5;
47;1kmN3054E4930;;;5;
14;1kmN3055E4930;;;;
132;1kmN3056E4930;;;;
117;1kmN3058E4930;;;;
914;1kmN3059E4930;;;;
159;1kmN3060E4930;;;;
245;1kmN3061E4930;;;;
47;1kmN3064E4930;;0;5;
168;1kmN3065E4930;;;5;
24;1kmN3066E4930;;;;
38;1kmN3067E4930;1;;;
55;1kmN3068E4930;1;;;
315;1kmN3070E4930;;;0;
175;1kmN3071E4930;;;;
7;1kmN3072E4930;;;;5
198;1kmN3073E4930;;;;5
112;1kmN3075E4930;;;;0
216;1kmN3076E4930;;;;
10;1kmN3078E4930;;;;
680;1kmN3079E4930;;;;
475;1kmN3080E4930;;;;
30;1kmN3081E4930;;;;
8;1kmN3082E4930;;;;
27;1kmN3083E4930;;;;
2206;1kmN3031E4931;;;;
2003;1kmN3032E4931;;;;
3501;1kmN3033E4931;;;;
5479;1kmN3034E4931;;;;
272;1kmN3035E4931;;;;
546;1kmN3036E4931;;;;0
343;1kmN3037E4931;;;;0
159;1kmN3038E4931;;;;
424;1kmN3039E4931;;;;
156;1kmN3044E4931;;;;
393;1kmN3045E4931;;;;
208;1kmN3046E4931;;;;
309;1kmN3047E4931;;0;;
11;1kmN3048E4931;;0;;
43;1kmN3050E4931;;;5;
32;1kmN3051E4931;;;5;
12;1kmN3052E4931;;;;
1187;1kmN3054E4931;;;;
99;1kmN3055E4931;;;;
405;1kmN3058E4931;;;;
92;1kmN3059E4931;;;;
47;1kmN3064E4931;;0;;
30;1kmN3065E4931;;0;5;
154;1kmN3066E4931;1;;5;
179;1kmN3067E4931;1;;5;
61;1kmN3068E4931;;;;
11;1kmN3069E4931;;;;
40;1kmN3070E4931;;;0;
7;1kmN3072E4931;;;;
19;1kmN3073E4931;;;;5
37;1kmN3074E4931;;;;5
32;1kmN3075E4931;;;;0
36;1kmN3079E4931;;;;
230;1kmN3080E4931;;;;
9;1kmN3081E4931;;;;
17;1kmN3082E4931;;;;
11;1kmN3083E4931;;;;
22;1kmN3084E4931;;;;
9;1kmN3085E4931;;;;
256;1kmN3031E4932;;;;
84;1kmN3032E4932;;;;
458;1kmN3033E4932;;;;
1628;1kmN3034E4932;;;;
156;1kmN3035E4932;;;;
26;1kmN3037E4932;;;;
28;1kmN3042E4932;;;0;5
550;1kmN3044E4932;;;;
225;1kmN3045E4932;;;;
85;1kmN3046E4932;;;;
182;1kmN3047E4932;;0;;
2;1kmN3048E4932;;;5;
44;1kmN3049E4932;;;5;
26;1kmN3050E4932;;;5;
559;1kmN3054E4932;;;;
653;1kmN3055E4932;;;;
150;1kmN3057E4932;;;;
761;1kmN3058E4932;;;;
15;1kmN3059E4932;;;;
459;1kmN3060E4932;;;;
1046;1kmN3061E4932;1;;;
1222;1kmN3062E4932;1;;;
12;1kmN3063E4932;1;;;
9;1kmN3065E4932;1;0;;
1933;1kmN3066E4932;1;;;
2503;1kmN3067E4932;;;5;
8100;1kmN3068E4932;;;5;
92;1kmN3070E4932;;;0;
11;1kmN3073E4932;;;;
27;1kmN3074E4932;;;;5
12;1kmN3076E4932;;;;0
44;1kmN3077E4932;;;;
77;1kmN3078E4932;;;;
5;1kmN3079E4932;;;;
1;1kmN3080E4932;;;;
62;1kmN3081E4932;;;;
114;1kmN3082E4932;;;;
43;1kmN3083E4932;;;;
180;1kmN3031E4933;;;;
348;1kmN3032E4933;;;;
1805;1kmN3033E4933;;;;
2496;1kmN3034E4933;;;;
176;1kmN3035E4933;;;;
303;1kmN3037E4933;;;;
520;1kmN3038E4933;;;;
176;1kmN3039E4933;;;;
674;1kmN3040E4933;;;;
391;1kmN3041E4933;;;0;5
6;1kmN3042E4933;;;;5
625;1kmN3044E4933;;;;
49;1kmN3046E4933;;0;;
72;1kmN3047E4933;;0;5;
189;1kmN3048E4933;;;5;
603;1kmN3049E4933;;;;
930;1kmN3050E4933;;;;
596;1kmN3051E4933;;;;
346;1kmN3052E4933;;;;
62;1kmN3054E4933;;;;
803;1kmN3055E4933;;;;
4;1kmN3056E4933;;;;
1247;1kmN3057E4933;;;;
3936;1kmN3058E4933;;;;
59;1kmN3059E4933;;;;
166;1kmN3060E4933;1;;;
3844;1kmN3061E4933;1;;;
1258;1kmN3062E4933;1;;;
39;1kmN3063E4933;1;;;
298;1kmN3064E4933;1;;;
11;1kmN3065E4933;1;0;;
813;1kmN3066E4933;;0;;
625;1kmN3067E4933;;;;
3689;1kmN3068E4933;;;5;
2;1kmN3069E4933;;;5;
62;1kmN3070E4933;;;;
95;1kmN3073E4933;;;;
443;1kmN3074E4933;;;;
8;1kmN3075E4933;;;;5
5;1kmN3076E4933;;;;0
219;1kmN3077E4933;;;;
170;1kmN3078E4933;;;;
4;1kmN3079E4933;;;;
294;1kmN3081E4933;;;;
602;1kmN3031E4934;;;;
671;1kmN3032E4934;;;;
1118;1kmN3033E4934;;;;
22;1kmN3034E4934;;;;
707;1kmN3038E4934;;;;
1024;1kmN3039E4934;;;;
658;1kmN3040E4934;;;;5
508;1kmN3041E4934;;;0;5
37;1kmN3042E4934;;;;
30;1kmN3043E4934;;;;
247;1kmN3044E4934;;;;
95;1kmN3045E4934;;;;
67;1kmN3046E4934;;0;5;
221;1kmN3047E4934;;;5;
149;1kmN3048E4934;;;;
103;1kmN3049E4934;;;;
423;1kmN3050E4934;;;;
193;1kmN3051E4934;;;;
4;1kmN3054E4934;;;;
720;1kmN3055E4934;;5;;
135;1kmN3056E4934;;5;;
2051;1kmN3057E4934;;5;;
33;1kmN3058E4934;;5;;
25;1kmN3059E4934;1;5;;
1697;1kmN3060E4934;1;5;;1
6108;1kmN3061E4934;;5;;1
6;1kmN3063E4934;;;;1
290;1kmN3064E4934;;;;1
168;1kmN3067E4934;;;;1
16;1kmN3069E4934;;;5;1
15;1kmN3070E4934;;;5;
155;1kmN3071E4934;;;0;
216;1kmN3072E4934;;;;
273;1kmN3073E4934;;;;
94;1kmN3074E4934;;;;
26;1kmN3075E4934;;;;5
33;1kmN3076E4934;;;;5
239;1kmN3077E4934;;;;
52;1kmN3078E4934;;;;
9;1kmN3080E4934;;;;
73;1kmN3081E4934;;;;
1194;1kmN3031E4935;;;;
915;1kmN3032E4935;;;;
368;1kmN3033E4935;;;;
59;1kmN3037E4935;;;;
75;1kmN3038E4935;;;;
4823;1kmN3039E4935;;;;
509;1kmN3040E4935;;;;5
4718;1kmN3044E4935;;;;
865;1kmN3045E4935;;;;
130;1kmN3046E4935;;0;5;
132;1kmN3047E4935;;;;
37;1kmN3049E4935;;;;
3;1kmN3050E4935;;;;
10;1kmN3052E4935;;;;
25;1kmN3054E4935;;5;;
1376;1kmN3055E4935;;5;;
6235;1kmN3056E4935;;;;
5236;1kmN3057E4935;;;;1
1;1kmN3058E4935;1;;;1
6876;1kmN3059E4935;1;;;1
1027;1kmN3060E4935;;;;1
674;1kmN3061E4935;;;;
16;1kmN3062E4935;;5;;
66;1kmN3064E4935;;5;;
274;1kmN3067E4935;;;;
83;1kmN3069E4935;;;;1
23;1kmN3070E4935;;;5;1
55;1kmN3075E4935;;;;
178;1kmN3076E4935;;;;5
17;1kmN3084E4935;;;;
329;1kmN3085E4935;;;;
674;1kmN3031E4936;;;;
860;1kmN3032E4936;;;;
121;1kmN3033E4936;;;;
1;1kmN3035E4936;;;;
66;1kmN3036E4936;;;;0
735;1kmN3037E4936;;;;
186;1kmN3038E4936;;;;
5708;1kmN3039E4936;;;;5
264;1kmN3040E4936;;;;5
361;1kmN3041E4936;;;0;
134;1kmN3042E4936;;;;
147;1kmN3043E4936;;;;
121;1kmN3044E4936;;;;
74;1kmN3045E4936;;;5;
309;1kmN3046E4936;;0;5;
791;1kmN3047E4936;;;;
608;1kmN3048E4936;;;;
3682;1kmN3049E4936;;;;
3699;1kmN3050E4936;;;;
192;1kmN3051E4936;;5;;
8207;1kmN3054E4936;;;;
6542;1kmN3055E4936;;;;1
12245;1kmN3056E4936;;;;1
2289;1kmN3057E4936;1;;;1
3604;1kmN3058E4936;1;;;
3042;1kmN3059E4936;;;;
181;1kmN3060E4936;;;;
233;1kmN3064E4936;;5;;
66;1kmN3065E4936;;5;;
9;1kmN3066E4936;;0;;
225;1kmN3067E4936;;;;
52;1kmN3068E4936;;;;
2;1kmN3070E4936;;;;
26;1kmN3071E4936;;;5;
1;1kmN3076E4936;;;;5
15;1kmN3078E4936;;;;
121;1kmN3082E4936;;;;
51;1kmN3083E4936;;;;
36;1kmN3084E4936;;;;
417;1kmN3085E4936;;;;
19;1kmN3036E4937;;;;0
559;1kmN3037E4937;;;;
1246;1kmN3038E4937;;;;
638;1kmN3039E4937;;;;5
5;1kmN3040E4937;;;;
663;1kmN3041E4937;;;0;
912;1kmN3042E4937;;;;
57;1kmN3043E4937;;;;
251;1kmN3044E4937;;;5;
339;1kmN3045E4937;;;5;
58;1kmN3047E4937;;;;
2858;1kmN3048E4937;;;;
12309;1kmN3049E4937;;;;
1747;1kmN3050E4937;;5;;
620;1kmN3051E4937;;5;;
114;1kmN3052E4937;;;;
2891;1kmN3054E4937;;;;1
12572;1kmN3055E4937;;;;1
8466;1kmN3056E4937;;;;
4675;1kmN3057E4937;1;;;
7316;1kmN3058E4937;;;;
1565;1kmN3059E4937;;;;
70;1kmN3060E4937;;;;
163;1kmN3063E4937;;;;
229;1kmN3064E4937;;;;
166;1kmN3065E4937;;5;;
7;1kmN3066E4937;;5;;
42;1kmN3067E4937;;;;
8;1kmN3068E4937;;;;
85;1kmN3070E4937;;;;
10;1kmN3071E4937;;;5;
264;1kmN3072E4937;;;5;
183;1kmN3073E4937;;;;
98;1kmN3077E4937;;;;5
325;1kmN3078E4937;;;;
289;1kmN3082E4937;;;;
1281;1kmN3083E4937;;;;
35;1kmN3084E4937;;;;
118;1kmN3032E4938;;;;
108;1kmN3037E4938;;;;
464;1kmN3038E4938;;;;
153;1kmN3039E4938;;;;5
112;1kmN3040E4938;;;;
872;1kmN3041E4938;;;0;
1593;1kmN3042E4938;;;;
189;1kmN3043E4938;;;;
3512;1kmN3048E4938;;;;
2336;1kmN3049E4938;;;;
58;1kmN3050E4938;;5;;
200;1kmN3051E4938;;;;
574;1kmN3052E4938;;;;1
2107;1kmN3055E4938;;;;
3416;1kmN3056E4938;;;;
8855;1kmN3057E4938;1;;;
7029;1kmN3058E4938;;;;
3398;1kmN3059E4938;;;;
1190;1kmN3060E4938;;;;
392;1kmN3061E4938;;;;
3;1kmN3062E4938;;;;
55;1kmN3064E4938;;;;
661;1kmN3065E4938;;;;
228;1kmN3068E4938;;;;
467;1kmN3069E4938;;;;
11;1kmN3076E4938;;;;1
18;1kmN3077E4938;;;;5
8;1kmN3080E4938;;;;
176;1kmN3081E4938;;;;
385;1kmN3082E4938;;;;
617;1kmN3083E4938;;;;
118;1kmN3032E4939;;;;
33;1kmN3033E4939;;;;
85;1kmN3035E4939;;;;
6;1kmN3036E4939;;;;0
243;1kmN3037E4939;;;;
452;1kmN3038E4939;;;;
837;1kmN3039E4939;;;;5
4141;1kmN3040E4939;;;;
1792;1kmN3041E4939;;;0;
268;1kmN3042E4939;;;;
450;1kmN3043E4939;;;;
380;1kmN3048E4939;;;;
181;1kmN3049E4939;;5;;
16;1kmN3050E4939;;5;;
673;1kmN3052E4939;;;;1
239;1kmN3054E4939;;;;
1341;1kmN3055E4939;;;;
2416;1kmN3056E4939;;;;
3943;1kmN3057E4939;1;;;
95;1kmN3058E4939;;;;
460;1kmN3059E4939;;;;
624;1kmN3060E4939;;;;
273;1kmN3061E4939;;;1;
39;1kmN3062E4939;;;1;
354;1kmN3065E4939;;0;1;
5;1kmN3066E4939;;5;1;
64;1kmN3068E4939;;;1;
294;1kmN3069E4939;;;1;
25;1kmN3070E4939;;;;
56;1kmN3073E4939;;;;
143;1kmN3081E4939;;;;
495;1kmN3083E4939;;;;
15;1kmN3032E4940;;;;
368;1kmN3033E4940;;;;
247;1kmN3034E4940;;;;
768;1kmN3035E4940;;;;
39;1kmN3036E4940;;;;0
54;1kmN3037E4940;;;;0
92;1kmN3038E4940;;;;5
1454;1kmN3040E4940;;;;
636;1kmN3041E4940;;;0;
47;1kmN3042E4940;;;0;
547;1kmN3043E4940;;;5;
810;1kmN3048E4940;;;;
226;1kmN3049E4940;;5;;
27;1kmN3050E4940;;;;1
429;1kmN3052E4940;;;;
18;1kmN3054E4940;;;;
151;1kmN3055E4940;;;;
1357;1kmN3056E4940;;;;
368;1kmN3057E4940;1;;;
1;1kmN3058E4940;;;1;
26;1kmN3059E4940;;;1;
710;1kmN3060E4940;;;1;
227;1kmN3061E4940;;;1;
68;1kmN3062E4940;;;;
347;1kmN3063E4940;;;;
50;1kmN3064E4940;;;;
141;1kmN3065E4940;;0;;
13;1kmN3067E4940;;5;;
61;1kmN3069E4940;;;1;
586;1kmN3070E4940;;;1;
134;1kmN3071E4940;;;1;
28;1kmN3072E4940;;;5;
24;1kmN3073E4940;;;5;
128;1kmN3075E4940;;;;
17;1kmN3080E4940;;;;1
222;1kmN3081E4940;;;;
136;1kmN3082E4940;;;;
153;1kmN3083E4940;;;;
20;1kmN3032E4941;;;;
119;1kmN3035E4941;;;;
10;1kmN3036E4941;;;;
21;1kmN3037E4941;;;;0
122;1kmN3038E4941;;;;5
591;1kmN3039E4941;;;;
127;1kmN3042E4941;;;0;
758;1kmN3043E4941;;;5;
49;1kmN3044E4941;;;;
16;1kmN3046E4941;;;;
356;1kmN3048E4941;;5;;
1182;1kmN3049E4941;;5;;1
192;1kmN3050E4941;;;;1
351;1kmN3052E4941;;;;
40;1kmN3053E4941;;;;
690;1kmN3055E4941;;;;
10620;1kmN3056E4941;;;;
5369;1kmN3057E4941;1;;1;
2230;1kmN3058E4941;;;1;
617;1kmN3059E4941;;;;
130;1kmN3062E4941;;;;
494;1kmN3063E4941;;;;
236;1kmN3064E4941;;0;;
60;1kmN3065E4941;;0;;
84;1kmN3066E4941;;;;
776;1kmN3067E4941;;5;;
59;1kmN3068E4941;;5;;
35;1kmN3069E4941;;;;
302;1kmN3070E4941;;;0;
855;1kmN3071E4941;;;;
11;1kmN3072E4941;;;1;
415;1kmN3073E4941;;;5;
48;1kmN3074E4941;;;;
713;1kmN3075E4941;;;;0
232;1kmN3076E4941;;;;0
165;1kmN3080E4941;;;;1
925;1kmN3081E4941;;;;1
131;1kmN3082E4941;;;;
14;1kmN3035E4942;;;;
124;1kmN3036E4942;;;;
265;1kmN3037E4942;;;;0
645;1kmN3038E4942;;;;5
293;1kmN3039E4942;;;;
10;1kmN3040E4942;;;;
241;1kmN3042E4942;;;0;
592;1kmN3043E4942;;;5;
107;1kmN3044E4942;;;;
7;1kmN3046E4942;;;;
65;1kmN3047E4942;;;;
13;1kmN3048E4942;;5;;
1331;1kmN3049E4942;;;;1
251;1kmN3050E4942;;;;
621;1kmN3051E4942;;;;3
1157;1kmN3052E4942;;;;3
23;1kmN3053E4942;;;;3
271;1kmN3055E4942;;;1;3
1246;1kmN3056E4942;;;1;3
810;1kmN3057E4942;1;;1;3
2593;1kmN3058E4942;1;;;3
331;1kmN3059E4942;1;;;3
218;1kmN3062E4942;;;;
345;1kmN3064E4942;;0;;
624;1kmN3065E4942;;;;
1106;1kmN3067E4942;;;;
139;1kmN3070E4942;;;0;
182;1kmN3071E4942;;;;
187;1kmN3072E4942;;;;
48;1kmN3073E4942;;;5;
107;1kmN3074E4942;;;1;
65;1kmN3075E4942;;;1;0
81;1kmN3076E4942;;;;
8;1kmN3077E4942;;;;
117;1kmN3078E4942;;;;5
57;1kmN3079E4942;;;;
62;1kmN3080E4942;;;;
13;1kmN3081E4942;;;;1
8;1kmN3033E4943;;;;
22;1kmN3034E4943;;;;
543;1kmN3035E4943;;;;
215;1kmN3036E4943;;;;
37;1kmN3037E4943;;;;0
424;1kmN3038E4943;;;;5
897;1kmN3039E4943;;;;
156;1kmN3040E4943;;;;
447;1kmN3041E4943;;;;
357;1kmN3042E4943;;;0;
318;1kmN3043E4943;;;5;
81;1kmN3044E4943;;;;
71;1kmN3045E4943;;;;
180;1kmN3046E4943;;;;
174;1kmN3047E4943;;;;
7;1kmN3048E4943;;5;;3
136;1kmN3049E4943;;0;;3
600;1kmN3051E4943;;;;3
194;1kmN3052E4943;;;;
262;1kmN3053E4943;;;;
450;1kmN3054E4943;;;1;
848;1kmN3057E4943;1;;;
8647;1kmN3058E4943;1;;;
4915;1kmN3059E4943;1;;;
1017;1kmN3060E4943;1;;;3
1613;1kmN3061E4943;;;;3
2153;1kmN3062E4943;;;;3
350;1kmN3063E4943;;0;;3
1021;1kmN3064E4943;;0;;
145;1kmN3065E4943;;;;
112;1kmN3066E4943;;;;
257;1kmN3067E4943;;;;
506;1kmN3071E4943;;;;
30;1kmN3072E4943;;;;
15;1kmN3073E4943;;;5;
158;1kmN3074E4943;;;;
46;1kmN3075E4943;;;1;0
695;1kmN3076E4943;;;1;
877;1kmN3077E4943;;;;
1613;1kmN3078E4943;;;;5
283;1kmN3079E4943;;;;
191;1kmN3080E4943;;;;
24;1kmN3034E4944;;;;
540;1kmN3035E4944;;;;
151;1kmN3036E4944;;;;
200;1kmN3037E4944;;;;0
113;1kmN3038E4944;;;;5
317;1kmN3039E4944;;;;
466;1kmN3040E4944;;;;
1081;1kmN3041E4944;;;;
5;1kmN3042E4944;;;;
32;1kmN3043E4944;;;5;
94;1kmN3044E4944;;;0;
547;1kmN3045E4944;;;;
645;1kmN3046E4944;;;;3
51;1kmN3047E4944;;;;3
3;1kmN3049E4944;;0;;
128;1kmN3050E4944;;0;;
430;1kmN3051E4944;;0;;
526;1kmN3053E4944;;;1;
833;1kmN3054E4944;1;;1;
282;1kmN3055E4944;1;;;
6547;1kmN3057E4944;;;;
11802;1kmN3058E4944;1;;;
11246;1kmN3059E4944;;;;
4684;1kmN3060E4944;1;;;
6366;1kmN3061E4944;;0;;
7992;1kmN3062E4944;;1;;
36;1kmN3063E4944;;1;;3
12;1kmN3064E4944;;1;;3
8541;1kmN3065E4944;;1;;3
2776;1kmN3066E4944;;1;;
19;1kmN3067E4944;;1;;
482;1kmN3068E4944;;5;0;
196;1kmN3069E4944;;;0;
59;1kmN3071E4944;;;;
21;1kmN3073E4944;;;5;
14;1kmN3074E4944;;;;0
16;1kmN3075E4944;;;;0
119;1kmN3076E4944;;;1;
1299;1kmN3077E4944;;;1;
2557;1kmN3078E4944;;;;5
127;1kmN3079E4944;;;;
308;1kmN3080E4944;;;;
11;1kmN3084E4944;;;;
16;1kmN3085E4944;;;;
5;1kmN3033E4945;;;;
352;1kmN3034E4945;;;;
32;1kmN3035E4945;;;;
319;1kmN3036E4945;;;;
194;1kmN3037E4945;;;;
458;1kmN3038E4945;;;;5
744;1kmN3039E4945;;;;
327;1kmN3040E4945;;;;
643;1kmN3041E4945;;;;
990;1kmN3043E4945;;;5;
361;1kmN3044E4945;;;0;3
647;1kmN3045E4945;;;;3
152;1kmN3046E4945;;;;3
713;1kmN3048E4945;;5;;
144;1kmN3049E4945;;;;
778;1kmN3050E4945;;;;
175;1kmN3051E4945;;0;;
6;1kmN3052E4945;;0;;
168;1kmN3054E4945;1;;;
91;1kmN3055E4945;;;;
4780;1kmN3056E4945;;;;
11078;1kmN3057E4945;;;;
10235;1kmN3058E4945;1;;;
4436;1kmN3059E4945;1;0;;
278;1kmN3060E4945;1;1;;
168;1kmN3061E4945;1;1;;
1077;1kmN3062E4945;;1;;
132;1kmN3063E4945;;;;
295;1kmN3064E4945;;;;
2883;1kmN3065E4945;;;;3
2944;1kmN3066E4945;;;;3
6018;1kmN3067E4945;;;;3
110;1kmN3068E4945;;5;0;
831;1kmN3069E4945;;1;;
154;1kmN3070E4945;;1;;
219;1kmN3071E4945;;;;
201;1kmN3072E4945;;;;
202;1kmN3073E4945;;;5;
4950;1kmN3074E4945;;;;0
1620;1kmN3075E4945;;;;
331;1kmN3076E4945;;;;
289;1kmN3077E4945;;;1;
162;1kmN3079E4945;;;;
265;1kmN3080E4945;;;;
46;1kmN3084E4945;;;;
19;1kmN3085E4945;;;;
257;1kmN3033E4946;;;;
539;1kmN3034E4946;;;;
70;1kmN3035E4946;;;;
441;1kmN3036E4946;;;;
299;1kmN3037E4946;;;;
37;1kmN3038E4946;;;;5
79;1kmN3039E4946;;;;0
1638;1kmN3040E4946;;;;
1395;1kmN3041E4946;;;;
1412;1kmN3042E4946;;;;
709;1kmN3043E4946;;;5;3
1172;1kmN3044E4946;;;0;3
121;1kmN3045E4946;;;0;
46;1kmN3047E4946;;;;1
419;1kmN3048E4946;;5;;
162;1kmN3049E4946;;;;
790;1kmN3050E4946;;;;
227;1kmN3051E4946;;;;
3;1kmN3052E4946;;;1;
462;1kmN3054E4946;1;0;;
1489;1kmN3055E4946;;0;;
1075;1kmN3056E4946;;0;;
2439;1kmN3057E4946;;0;;
2291;1kmN3058E4946;;1;;
514;1kmN3059E4946;1;1;;
723;1kmN3060E4946;;1;;
6;1kmN3063E4946;;;;
240;1kmN3065E4946;;;;
989;1kmN3066E4946;;;;
1484;1kmN3067E4946;;;0;3
1067;1kmN3068E4946;;5;0;3
1096;1kmN3069E4946;;;;
32;1kmN3070E4946;;1;;
1095;1kmN3071E4946;;1;;
9;1kmN3072E4946;;1;;
137;1kmN3073E4946;;;5;0
5345;1kmN3074E4946;;;;0
1037;1kmN3075E4946;;;;
29;1kmN3076E4946;;;;
189;1kmN3077E4946;;;1;
26;1kmN3079E4946;;;;
52;1kmN3080E4946;;;;
35;1kmN3034E4947;;;;
81;1kmN3036E4947;;;;
526;1kmN3037E4947;;;;
32;1kmN3038E4947;;;;5
297;1kmN3039E4947;;;;0
750;1kmN3040E4947;;;;0
588;1kmN3041E4947;;;;3
416;1kmN3042E4947;;;;3
7;1kmN3043E4947;;;5;3
142;1kmN3044E4947;;;;
512;1kmN3045E4947;;;0;
85;1kmN3046E4947;;;0;1
224;1kmN3047E4947;;;;
77;1kmN3048E4947;;5;;
415;1kmN3050E4947;;;;
178;1kmN3051E4947;;;3;
571;1kmN3054E4947;1;;3;
410;1kmN3055E4947;;;3;
1507;1kmN3056E4947;;;3;
4241;1kmN3057E4947;;1;3;
5527;1kmN3058E4947;;1;3;
856;1kmN3059E4947;1;;3;
4117;1kmN3060E4947;;;3;
2956;1kmN3061E4947;1;;;
308;1kmN3062E4947;1;;;
892;1kmN3063E4947;;;;
23;1kmN3064E4947;;;;
105;1kmN3065E4947;;;;
105;1kmN3068E4947;;5;;3
165;1kmN3069E4947;;;;3
591;1kmN3071E4947;;;;
296;1kmN3072E4947;;1;;0
1065;1kmN3073E4947;;1;5;0
1503;1kmN3074E4947;;;;
3872;1kmN3075E4947;;;;
522;1kmN3076E4947;;;;
54;1kmN3077E4947;;;;
34;1kmN3079E4947;;;1;
3;1kmN3080E4947;;;;
268;1kmN3087E4947;;;;
28;1kmN3033E4948;;;;
171;1kmN3034E4948;;;;
24;1kmN3035E4948;;;;
41;1kmN3036E4948;;;;
997;1kmN3037E4948;;;;
135;1kmN3038E4948;;;;5
561;1kmN3039E4948;;;;5
351;1kmN3040E4948;;;;0
49;1kmN3041E4948;;;;3
17;1kmN3042E4948;;;;
9;1kmN3043E4948;;;5;
18;1kmN3044E4948;;;5;
307;1kmN3045E4948;;;;
288;1kmN3046E4948;;;0;1
143;1kmN3047E4948;;;0;
452;1kmN3048E4948;;;0;
150;1kmN3049E4948;;5;3;
745;1kmN3050E4948;;;3;
3117;1kmN3052E4948;1;;;
27;1kmN3053E4948;;;;
748;1kmN3054E4948;1;;;
2296;1kmN3055E4948;;;;
1023;1kmN3056E4948;;;;
313;1kmN3057E4948;;1;;
7477;1kmN3058E4948;;;;
1070;1kmN3059E4948;1;;;
775;1kmN3060E4948;1;;3;
3129;1kmN3061E4948;;;3;
49;1kmN3062E4948;1;;3;
11;1kmN3063E4948;1;;;
4465;1kmN3064E4948;;;0;
3769;1kmN3065E4948;;;0;
10423;1kmN3066E4948;;;0;
14;1kmN3067E4948;;5;;
88;1kmN3069E4948;;;;3
65;1kmN3070E4948;;;;3
298;1kmN3072E4948;;;5;0
305;1kmN3073E4948;;1;5;
4778;1kmN3074E4948;1;;;
7406;1kmN3075E4948;1;;;
1368;1kmN3076E4948;;;;
53;1kmN3077E4948;;;;
1484;1kmN3087E4948;;;;
20;1kmN3034E4949;;;;
60;1kmN3035E4949;;;;
313;1kmN3036E4949;;;;
5;1kmN3037E4949;;;;
196;1kmN3038E4949;;;;
288;1kmN3039E4949;;;;5
19;1kmN3040E4949;;;;3
656;1kmN3042E4949;;;;
24;1kmN3043E4949;;;;
33;1kmN3044E4949;;;5;
74;1kmN3045E4949;;;;1
30;1kmN3046E4949;;;;1
371;1kmN3048E4949;;;3;
446;1kmN3049E4949;;5;3;
571;1kmN3050E4949;;5;0;
3327;1kmN3051E4949;1;;1;
9789;1kmN3052E4949;1;;;
980;1kmN3053E4949;;;;
33;1kmN3054E4949;1;;;
3180;1kmN3055E4949;;;;
424;1kmN3056E4949;;1;;
4537;1kmN3058E4949;;;;
2226;1kmN3059E4949;;;;
6235;1kmN3060E4949;1;;;
1309;1kmN3061E4949;;;;
728;1kmN3062E4949;;;3;
24;1kmN3064E4949;;;3;
2175;1kmN3065E4949;;;;
3416;1kmN3066E4949;;5;;
104;1kmN3067E4949;;5;;
7;1kmN3068E4949;;;;
4188;1kmN3069E4949;;;;
1353;1kmN3070E4949;;;;3
189;1kmN3071E4949;;;;3
1806;1kmN3072E4949;;;5;0
4470;1kmN3073E4949;1;1;;
2193;1kmN3074E4949;1;1;;
2158;1kmN3075E4949;1;;;
341;1kmN3076E4949;1;;;
307;1kmN3087E4949;1;;;
34;1kmN3033E4950;;;;
2;1kmN3034E4950;;;;
241;1kmN3036E4950;;;;
289;1kmN3037E4950;;;;
11;1kmN3038E4950;;;;
90;1kmN3039E4950;;;;5
465;1kmN3040E4950;;;;3
838;1kmN3041E4950;;;;0
2190;1kmN3042E4950;;;;0
268;1kmN3043E4950;;;;
12;1kmN3044E4950;;;5;
19;1kmN3046E4950;;;3;
34;1kmN3047E4950;;;3;
71;1kmN3048E4950;;;;
210;1kmN3049E4950;;;;
11;1kmN3050E4950;;5;1;
115;1kmN3051E4950;;5;1;
4690;1kmN3052E4950;;;0;
1340;1kmN3053E4950;;;;4
394;1kmN3054E4950;1;;;4
3682;1kmN3055E4950;;;;4
6198;1kmN3056E4950;;1;;4
504;1kmN3057E4950;;;;4
160;1kmN3058E4950;;;;4
4685;1kmN3059E4950;;;;4
3510;1kmN3060E4950;1;;0;4
1594;1kmN3061E4950;;;0;4
699;1kmN3062E4950;;;0;4
4244;1kmN3063E4950;1;;0;4
2980;1kmN3064E4950;;;3;4
2638;1kmN3065E4950;;;3;
4;1kmN3066E4950;1;5;;
627;1kmN3067E4950;1;;;
1861;1kmN3068E4950;;;;
10314;1kmN3069E4950;;;;
2018;1kmN3070E4950;;;;0
177;1kmN3071E4950;;;;3
999;1kmN3072E4950;;;5;3
176;1kmN3073E4950;1;;;
2108;1kmN3075E4950;;;;
15;1kmN3076E4950;;;;
106;1kmN3080E4950;1;;1;
17;1kmN3087E4950;;;;
97;1kmN3033E4951;;;;
382;1kmN3034E4951;;;;
67;1kmN3035E4951;;;;
195;1kmN3037E4951;;;;
255;1kmN3038E4951;;;;3
69;1kmN3039E4951;;;;5
331;1kmN3040E4951;;;;5
405;1kmN3041E4951;;;;
5462;1kmN3042E4951;;;;0
1317;1kmN3043E4951;;;;0
228;1kmN3044E4951;;;;
355;1kmN3045E4951;;;5;1
346;1kmN3046E4951;;;3;
223;1kmN3047E4951;;;;
182;1kmN3048E4951;;;;
16;1kmN3049E4951;;;;
36;1kmN3050E4951;;;1;4
604;1kmN3051E4951;;5;;4
282;1kmN3052E4951;;5;0;4
1069;1kmN3054E4951;1;;0;
2855;1kmN3055E4951;;1;0;
4185;1kmN3056E4951;;1;0;
5502;1kmN3057E4951;;;0;
1436;1kmN3058E4951;;;0;
841;1kmN3059E4951;1;;0;
5142;1kmN3060E4951;1;;0;
6395;1kmN3061E4951;;;;
1932;1kmN3062E4951;;;;
3099;1kmN3063E4951;1;;;
3210;1kmN3064E4951;1;5;;4
745;1kmN3065E4951;1;5;3;4
7;1kmN3066E4951;1;5;3;4
28;1kmN3067E4951;1;;;
2024;1kmN3068E4951;1;;;
4755;1kmN3069E4951;1;;;0
3922;1kmN3070E4951;;;;0
190;1kmN3071E4951;;;5;
414;1kmN3073E4951;1;;;
1329;1kmN3074E4951;;1;;
36;1kmN3075E4951;;1;;
3215;1kmN3080E4951;;;1;
149;1kmN3081E4951;;;;
75;1kmN3086E4951;;;;
123;1kmN3087E4951;;;;
84;1kmN3033E4952;;;;
94;1kmN3034E4952;;;;
179;1kmN3035E4952;;;;
43;1kmN3036E4952;;;;
222;1kmN3037E4952;;;;
245;1kmN3038E4952;;;;3
79;1kmN3039E4952;;;;
343;1kmN3040E4952;;;;5
601;1kmN3041E4952;;;;
132;1kmN3042E4952;;;;
400;1kmN3043E4952;;;;0
468;1kmN3044E4952;;;3;0
442;1kmN3045E4952;;;5;1
154;1kmN3046E4952;;;5;
240;1kmN3047E4952;;;;
127;1kmN3048E4952;;;;4
2;1kmN3050E4952;;;1;4
134;1kmN3051E4952;;;;
908;1kmN3052E4952;;5;;
82;1kmN3053E4952;;5;;
231;1kmN3054E4952;1;3;;
7279;1kmN3055E4952;;3;;
1952;1kmN3056E4952;;3;;
4825;1kmN3057E4952;;3;;
233;1kmN3059E4952;1;3;;
2997;1kmN3060E4952;;;;
5119;1kmN3061E4952;;;;
2809;1kmN3062E4952;;;;
13474;1kmN3063E4952;;5;;
8148;1kmN3064E4952;1;5;;
4665;1kmN3065E4952;;;;
39;1kmN3066E4952;;;3;4
1;1kmN3067E4952;;;3;4
2791;1kmN3068E4952;;;;4
1730;1kmN3069E4952;1;;;0
4399;1kmN3070E4952;1;;5;
2409;1kmN3071E4952;1;;5;
407;1kmN3073E4952;1;;;3
1723;1kmN3074E4952;;;;
18;1kmN3075E4952;;1;;
469;1kmN3076E4952;;;;5
34;1kmN3077E4952;;;;5
1561;1kmN3080E4952;;;1;
174;1kmN3081E4952;;;;
6;1kmN3086E4952;;;;
830;1kmN3087E4952;;;;
7;1kmN3035E4953;;;;
39;1kmN3036E4953;;;;
361;1kmN3037E4953;;;;3
23;1kmN3038E4953;;;;3
816;1kmN3039E4953;;;;
3227;1kmN3040E4953;;;;5
2796;1kmN3041E4953;;;;5
795;1kmN3042E4953;;;;
996;1kmN3043E4953;;;3;
1084;1kmN3044E4953;;;3;
380;1kmN3045E4953;;;;1
348;1kmN3046E4953;;;5;0
72;1kmN3047E4953;;;5;4
83;1kmN3052E4953;;3;;
313;1kmN3053E4953;;5;;
1204;1kmN3054E4953;1;5;;
6217;1kmN3055E4953;;5;;
5971;1kmN3056E4953;;;;
102;1kmN3057E4953;;;;
1580;1kmN3058E4953;1;;;
1231;1kmN3059E4953;1;3;;
6303;1kmN3060E4953;;3;;
590;1kmN3061E4953;;5;;
99;1kmN3062E4953;;5;;
2379;1kmN3063E4953;;5;;
8828;1kmN3064E4953;1;;;
9807;1kmN3065E4953;;;;
116;1kmN3066E4953;;;;0
14;1kmN3067E4953;;;3;0
3;1kmN3070E4953;;;5;4
95;1kmN3071E4953;1;;;
402;1kmN3072E4953;1;;;
1498;1kmN3073E4953;;;;3
769;1kmN3074E4953;;;;3
954;1kmN3075E4953;;1;;
1033;1kmN3076E4953;;;;5
54;1kmN3077E4953;;;;
72;1kmN3079E4953;;;;
289;1kmN3080E4953;;;1;
332;1kmN3081E4953;;;;
6;1kmN3082E4953;;;;
135;1kmN3086E4953;;;;
471;1kmN3087E4953;;;;
201;1kmN3036E4954;;;;
942;1kmN3037E4954;;;;3
190;1kmN3038E4954;;;;
433;1kmN3039E4954;;;;
530;1kmN3040E4954;;;;
113;1kmN3041E4954;;;;5
944;1kmN3043E4954;;;3;
4941;1kmN3044E4954;;;;
904;1kmN3045E4954;;;;4
1336;1kmN3046E4954;;;;4
105;1kmN3047E4954;;;5;4
352;1kmN3052E4954;;;;
1399;1kmN3053E4954;;;;
4686;1kmN3054E4954;1;;;
482;1kmN3055E4954;;5;;
1974;1kmN3056E4954;;5;;
2856;1kmN3057E4954;;5;;
8925;1kmN3058E4954;1;5;;
5800;1kmN3059E4954;;5;;
8526;1kmN3060E4954;;5;;
4700;1kmN3061E4954;;5;;
721;1kmN3062E4954;;3;;
838;1kmN3063E4954;;;;
13272;1kmN3064E4954;1;;;0
15572;1kmN3065E4954;;;;0
1264;1kmN3066E4954;;;;0
10;1kmN3067E4954;;;;
1828;1kmN3068E4954;;;3;
71;1kmN3069E4954;;;5;
624;1kmN3071E4954;;;;4
320;1kmN3072E4954;;;;
71;1kmN3073E4954;;;;
289;1kmN3074E4954;;;;3
1712;1kmN3075E4954;;1;;5
156;1kmN3076E4954;;;;5
77;1kmN3079E4954;;;;
896;1kmN3080E4954;;;1;
61;1kmN3081E4954;;;;
5;1kmN3082E4954;;;;
19;1kmN3086E4954;;;;
282;1kmN3087E4954;;;;
128;1kmN3036E4955;;;;3
383;1kmN3037E4955;;;;3
23;1kmN3038E4955;;;;
353;1kmN3039E4955;;;;
1159;1kmN3040E4955;;;;
433;1kmN3041E4955;;;;5
11;1kmN3042E4955;;;3;5
1906;1kmN3043E4955;;;;
7970;1kmN3044E4955;;;;4
3919;1kmN3045E4955;;;;4
348;1kmN3046E4955;;;;
231;1kmN3047E4955;;;5;
31;1kmN3048E4955;;3;5;0
712;1kmN3051E4955;;;;0
46;1kmN3052E4955;;;;0
70;1kmN3053E4955;;;;
1620;1kmN3054E4955;1;;4;
3;1kmN3055E4955;;1;4;
5793;1kmN3056E4955;;;4;
3351;1kmN3057E4955;1;;4;
8522;1kmN3058E4955;1;;4;
6896;1kmN3059E4955;;;4;
2800;1kmN3060E4955;;;4;0
2335;1kmN3061E4955;;;4;0
6340;1kmN3062E4955;;3;4;0
5288;1kmN3063E4955;;3;4;0
4830;1kmN3064E4955;1;;;0
1724;1kmN3065E4955;;;;
72;1kmN3066E4955;;;;
2117;1kmN3067E4955;;;;
6233;1kmN3068E4955;;;5;
7970;1kmN3069E4955;;;5;
965;1kmN3070E4955;;;;
1082;1kmN3071E4955;;;;4
917;1kmN3072E4955;;;;4
9;1kmN3073E4955;;;;
22;1kmN3074E4955;;;;5
14;1kmN3075E4955;;1;;5
42;1kmN3076E4955;;;;
49;1kmN3087E4955;;;;
8;1kmN3088E4955;;;;
106;1kmN3037E4956;;;;
24;1kmN3038E4956;;;;
283;1kmN3039E4956;;;;
396;1kmN3040E4956;;;;
8;1kmN3041E4956;;;3;
16;1kmN3042E4956;;;3;5
330;1kmN3043E4956;;;;5
1745;1kmN3044E4956;;;;4
1496;1kmN3045E4956;;;;1
845;1kmN3046E4956;;;;
1021;1kmN3047E4956;;3;;
57;1kmN3048E4956;;3;;
12;1kmN3050E4956;;;5;
2415;1kmN3051E4956;;;4;
83;1kmN3054E4956;1;;4;0
6552;1kmN3055E4956;;1;;0
10506;1kmN3056E4956;;;;0
3420;1kmN3057E4956;1;;;0
9992;1kmN3058E4956;1;;;0
12295;1kmN3059E4956;1;;;0
13902;1kmN3060E4956;;;;0
2293;1kmN3061E4956;1;;;
180;1kmN3062E4956;1;;;
258;1kmN3063E4956;1;3;4;
203;1kmN3064E4956;1;3;4;
1201;1kmN3067E4956;;;5;
748;1kmN3068E4956;;;5;
6827;1kmN3069E4956;;;3;
6271;1kmN3070E4956;;;;
17;1kmN3072E4956;;;;4
20;1kmN3076E4956;;;;
56;1kmN3034E4957;;;;
3;1kmN3038E4957;;;;
5;1kmN3039E4957;;;;
41;1kmN3040E4957;;;;
21;1kmN3041E4957;;;3;
60;1kmN3042E4957;;;;4
82;1kmN3043E4957;;;;5
308;1kmN3044E4957;;;;
127;1kmN3045E4957;;;;1
614;1kmN3046E4957;;3;;
487;1kmN3047E4957;;3;;
66;1kmN3048E4957;;;;
1141;1kmN3051E4957;;;5;
1169;1kmN3052E4957;;;5;
280;1kmN3055E4957;;1;;
941;1kmN3056E4957;1;1;;
7287;1kmN3057E4957;1;;;
10326;1kmN3058E4957;;;;
8306;1kmN3059E4957;1;;;
440;1kmN3061E4957;1;;;
629;1kmN3062E4957;;;;
31;1kmN3063E4957;;;;
1660;1kmN3064E4957;;3;5;
418;1kmN3065E4957;;;5;
2009;1kmN3067E4957;;;4;
898;1kmN3068E4957;;;;
207;1kmN3069E4957;;;3;
1117;1kmN3070E4957;;;3;
164;1kmN3071E4957;;;;
153;1kmN3072E4957;;;;
484;1kmN3076E4957;;;;
32;1kmN3077E4957;;;;
5;1kmN3078E4957;;;;
368;1kmN3079E4957;;;;
46;1kmN3081E4957;;;;
9;1kmN3083E4957;;;;
7;1kmN3034E4958;1;;;
75;1kmN3041E4958;;;3;
277;1kmN3042E4958;;;;4
190;1kmN3043E4958;;;;5
17;1kmN3044E4958;;;;5
315;1kmN3045E4958;;;;1
379;1kmN3046E4958;;3;;
831;1kmN3047E4958;;;;
113;1kmN3048E4958;1;;4;
175;1kmN3049E4958;1;;4;
691;1kmN3050E4958;;;4;
3186;1kmN3051E4958;;;1;
5927;1kmN3052E4958;;;5;
121;1kmN3053E4958;1;;5;
5570;1kmN3055E4958;;;5;
2376;1kmN3056E4958;1;1;;
5934;1kmN3057E4958;;;;
6136;1kmN3058E4958;;;;
2128;1kmN3059E4958;;;;
3856;1kmN3060E4958;1;;;
682;1kmN3061E4958;1;;5;
931;1kmN3062E4958;;;5;
130;1kmN3064E4958;;3;5;
2613;1kmN3065E4958;;3;;
115;1kmN3066E4958;;;;
4854;1kmN3067E4958;;;4;
799;1kmN3068E4958;;;4;
172;1kmN3069E4958;;;;
270;1kmN3070E4958;;;3;
183;1kmN3071E4958;;;;
155;1kmN3072E4958;;;;5
176;1kmN3074E4958;;1;;4
172;1kmN3075E4958;;;;4
324;1kmN3076E4958;;;;
38;1kmN3079E4958;;;1;
39;1kmN3080E4958;;;1;
145;1kmN3082E4958;;;;
12;1kmN3086E4958;;;;
63;1kmN3034E4959;;;;
46;1kmN3037E4959;1;;;
515;1kmN3038E4959;1;;;
212;1kmN3039E4959;1;;;
59;1kmN3040E4959;;;;
498;1kmN3041E4959;;;3;4
768;1kmN3042E4959;;;;4
18;1kmN3043E4959;;;;
308;1kmN3045E4959;1;;;5
1549;1kmN3046E4959;1;3;;5
1006;1kmN3047E4959;1;;4;
1319;1kmN3048E4959;1;;4;
3940;1kmN3049E4959;1;;;
4629;1kmN3050E4959;1;;;
11601;1kmN3051E4959;1;;1;
3469;1kmN3052E4959;1;;;
1528;1kmN3053E4959;1;;;
156;1kmN3054E4959;;;;
4309;1kmN3055E4959;;;5;
5037;1kmN3056E4959;1;1;5;
11489;1kmN3057E4959;;1;5;
106;1kmN3059E4959;;;5;
790;1kmN3060E4959;;;5;
1380;1kmN3062E4959;;;;
833;1kmN3063E4959;;;;
21;1kmN3064E4959;;;;
1001;1kmN3065E4959;;3;;
4442;1kmN3067E4959;;;;
9;1kmN3068E4959;;;4;
476;1kmN3069E4959;;;4;
837;1kmN3070E4959;;;3;
262;1kmN3071E4959;;;;5
45;1kmN3074E4959;;1;;
168;1kmN3075E4959;;;;4
631;1kmN3076E4959;;;;
65;1kmN3077E4959;;;;
35;1kmN3078E4959;;;;
99;1kmN3079E4959;;;1;
138;1kmN3080E4959;;;;
39;1kmN3086E4959;;;;
20;1kmN3034E4960;;;;
9;1kmN3037E4960;;;;
3397;1kmN3038E4960;;;;
7986;1kmN3039E4960;1;;;
2825;1kmN3040E4960;1;;3;
5530;1kmN3041E4960;1;;3;4
1268;1kmN3042E4960;1;;;
502;1kmN3043E4960;1;;;
11;1kmN3044E4960;1;;;
317;1kmN3045E4960;1;3;;
1099;1kmN3046E4960;;3;4;5
1672;1kmN3047E4960;;;4;5
1601;1kmN3048E4960;;;;
7881;1kmN3049E4960;;;;
6055;1kmN3050E4960;1;;;
796;1kmN3051E4960;1;;1;
7009;1kmN3052E4960;1;;;
3926;1kmN3053E4960;1;;;
2143;1kmN3054E4960;1;4;;
3;1kmN3055E4960;1;4;;
4678;1kmN3056E4960;1;4;;
4324;1kmN3057E4960;;4;;
13;1kmN3058E4960;;4;;
1169;1kmN3059E4960;;4;;
12153;1kmN3060E4960;;4;;
3971;1kmN3061E4960;1;4;;
8855;1kmN3062E4960;;4;;
2220;1kmN3063E4960;;;;
169;1kmN3064E4960;;;;
1835;1kmN3065E4960;;3;;
164;1kmN3066E4960;;;;
289;1kmN3067E4960;;;;
622;1kmN3068E4960;;;;
390;1kmN3069E4960;;;4;5
347;1kmN3070E4960;;;4;5
366;1kmN3071E4960;;;;5
1;1kmN3072E4960;;;;
400;1kmN3075E4960;;;;4
185;1kmN3076E4960;;;;4
167;1kmN3078E4960;;;1;
72;1kmN3079E4960;;;1;
120;1kmN3080E4960;;;;
19;1kmN3081E4960;;;;
9014;1kmN3038E4961;;;;
15359;1kmN3039E4961;1;;;
15771;1kmN3040E4961;1;;3;4
2359;1kmN3041E4961;;;;4
1875;1kmN3042E4961;;;;
276;1kmN3043E4961;;;;
176;1kmN3046E4961;;;4;1
2846;1kmN3047E4961;;;;5
1467;1kmN3048E4961;;;;5
1336;1kmN3049E4961;;;;5
1567;1kmN3050E4961;;;;
332;1kmN3051E4961;1;;1;
2522;1kmN3052E4961;1;;1;
2544;1kmN3053E4961;;4;;
4550;1kmN3054E4961;;4;;
6574;1kmN3055E4961;1;;;
2245;1kmN3056E4961;;;;
8576;1kmN3057E4961;;1;;
8794;1kmN3058E4961;;1;;
4030;1kmN3059E4961;;;;
7569;1kmN3060E4961;1;;;
4080;1kmN3061E4961;1;;;
172;1kmN3062E4961;;4;;
408;1kmN3063E4961;;4;;
99;1kmN3064E4961;;4;;
771;1kmN3065E4961;;3;;
1695;1kmN3067E4961;;;;5
155;1kmN3068E4961;;;;5
229;1kmN3069E4961;;;;5
834;1kmN3070E4961;;;4;
77;1kmN3071E4961;;;4;
18;1kmN3073E4961;;1;;
108;1kmN3074E4961;;;;
408;1kmN3075E4961;;;;3
92;1kmN3076E4961;;;;4
15;1kmN3077E4961;;;;4
390;1kmN3078E4961;;;1;
262;1kmN3079E4961;;;;
171;1kmN3080E4961;;;;
12;1kmN3081E4961;;;;
10;1kmN3085E4961;;;;
9;1kmN3086E4961;;;;
4033;1kmN3037E4962;;;;
12738;1kmN3038E4962;1;;;
12039;1kmN3039E4962;1;;;
5548;1kmN3040E4962;;;3;4
327;1kmN3041E4962;;;;
1388;1kmN3042E4962;;;;
1222;1kmN3043E4962;;;;
154;1kmN3044E4962;;;;
123;1kmN3046E4962;;;4;1
1055;1kmN3047E4962;;;;1
130;1kmN3048E4962;;;;
1;1kmN3049E4962;;;;5
229;1kmN3052E4962;1;4;1;
275;1kmN3053E4962;;4;1;
3681;1kmN3054E4962;;;;
14128;1kmN3055E4962;1;;;
8480;1kmN3056E4962;;;;
8602;1kmN3057E4962;;;;
300;1kmN3058E4962;;1;;
1317;1kmN3059E4962;;1;;
9225;1kmN3060E4962;1;1;;
4371;1kmN3061E4962;;;;
15;1kmN3062E4962;;;;
1686;1kmN3063E4962;;;;
2;1kmN3065E4962;;4;;5
407;1kmN3066E4962;;;;5
1837;1kmN3067E4962;;;;5
975;1kmN3068E4962;;;;
719;1kmN3069E4962;;;;
977;1kmN3070E4962;;1;3;
168;1kmN3072E4962;;1;;
93;1kmN3073E4962;;;;
268;1kmN3074E4962;;;;
303;1kmN3075E4962;;;;3
65;1kmN3076E4962;;;;
176;1kmN3077E4962;;;1;4
43;1kmN3078E4962;;;1;
97;1kmN3079E4962;;;;
3;1kmN3080E4962;;;;
67;1kmN3081E4962;;;;
149;1kmN3082E4962;;;;
1;1kmN3088E4962;;;;
3457;1kmN3036E4963;;;;
2590;1kmN3037E4963;;;;
3332;1kmN3038E4963;1;;;
6622;1kmN3039E4963;;;;4
634;1kmN3040E4963;;;3;4
424;1kmN3041E4963;;;;
626;1kmN3042E4963;;;;
11;1kmN3043E4963;;;;
315;1kmN3044E4963;;;;
154;1kmN3046E4963;;3;;
45;1kmN3049E4963;;;;
12;1kmN3053E4963;;;1;5
6535;1kmN3054E4963;;;;5
8992;1kmN3055E4963;1;;;
7605;1kmN3056E4963;;;;
7951;1kmN3057E4963;;;;
55;1kmN3058E4963;;;;
265;1kmN3059E4963;1;;;
4283;1kmN3060E4963;1;1;;
369;1kmN3061E4963;;1;;
196;1kmN3062E4963;;1;;5
1278;1kmN3063E4963;;;;5
413;1kmN3064E4963;;;;5
650;1kmN3065E4963;;4;;5
148;1kmN3066E4963;;4;;
1472;1kmN3067E4963;;;;
249;1kmN3068E4963;;1;;
38;1kmN3069E4963;;1;;
10;1kmN3070E4963;;1;3;
99;1kmN3071E4963;;;4;
144;1kmN3072E4963;;;4;
129;1kmN3073E4963;;;;
111;1kmN3074E4963;;;;
68;1kmN3075E4963;;;;3
89;1kmN3076E4963;;;;
40;1kmN3077E4963;;;1;4
355;1kmN3078E4963;;;;
102;1kmN3079E4963;;;;
289;1kmN3082E4963;;;;
258;1kmN3036E4964;;;;3
494;1kmN3037E4964;;;;
10;1kmN3038E4964;;;;
52;1kmN3039E4964;;;;4
110;1kmN3040E4964;;;3;
274;1kmN3041E4964;;;3;
126;1kmN3042E4964;;;;
8;1kmN3047E4964;;;;1
148;1kmN3048E4964;;;;1
4353;1kmN3049E4964;;;;
77;1kmN3050E4964;;4;;
555;1kmN3055E4964;1;;;5
6155;1kmN3056E4964;;;;5
4630;1kmN3057E4964;;;;5
466;1kmN3058E4964;1;;;5
157;1kmN3059E4964;1;;;5
782;1kmN3061E4964;;;;5
4633;1kmN3062E4964;;1;;5
479;1kmN3063E4964;;1;;
98;1kmN3064E4964;;1;;
159;1kmN3065E4964;;3;;
1081;1kmN3066E4964;;4;;
46;1kmN3067E4964;;4;;
195;1kmN3068E4964;;1;;
206;1kmN3069E4964;;;;
553;1kmN3070E4964;;;3;
324;1kmN3071E4964;;;;
316;1kmN3072E4964;;;4;
62;1kmN3073E4964;;;;
111;1kmN3074E4964;;;;
179;1kmN3075E4964;;;;3
245;1kmN3076E4964;;;1;
254;1kmN3077E4964;;;1;4
353;1kmN3078E4964;;;;4
105;1kmN3079E4964;;;;
283;1kmN3082E4964;;;;1
41;1kmN3087E4964;;;;
41;1kmN3088E4964;;;;
100;1kmN3089E4964;;;;
7;1kmN3036E4965;;;;3
16;1kmN3037E4965;;;;
474;1kmN3038E4965;;;;
791;1kmN3039E4965;;;;4
274;1kmN3040E4965;;;;
265;1kmN3041E4965;;;3;
114;1kmN3042E4965;;;;
8;1kmN3047E4965;;;;
848;1kmN3049E4965;;4;;1
17;1kmN3050E4965;;4;;
990;1kmN3051E4965;;;;
5309;1kmN3052E4965;;;;
409;1kmN3053E4965;1;;;
2620;1kmN3056E4965;1;;;
2193;1kmN3057E4965;1;;;
2697;1kmN3058E4965;1;;;
630;1kmN3059E4965;;;;
1110;1kmN3060E4965;;;;
4437;1kmN3061E4965;;;;
2904;1kmN3062E4965;;;;
8298;1kmN3063E4965;;;;
92;1kmN3064E4965;;;;
295;1kmN3065E4965;;3;;
3212;1kmN3066E4965;;;;
1486;1kmN3067E4965;;4;;
266;1kmN3068E4965;;;;
386;1kmN3069E4965;;;;
709;1kmN3070E4965;;;3;
60;1kmN3071E4965;;;;
171;1kmN3072E4965;;;4;
190;1kmN3073E4965;;;4;
176;1kmN3074E4965;;;;
35;1kmN3075E4965;;;1;3
101;1kmN3076E4965;;;1;
338;1kmN3077E4965;;;;
91;1kmN3078E4965;;;;4
11;1kmN3079E4965;;;;
8;1kmN3080E4965;;;;
22;1kmN3081E4965;;;;1
192;1kmN3082E4965;;;;1
118;1kmN3087E4965;;;;
58;1kmN3088E4965;;;;
258;1kmN3089E4965;;;;
4;1kmN3035E4966;;;;
12;1kmN3037E4966;;;;
65;1kmN3038E4966;;;;
274;1kmN3039E4966;;;;4
361;1kmN3040E4966;;;;
303;1kmN3041E4966;;;3;
37;1kmN3042E4966;;;;
82;1kmN3050E4966;;;;
4031;1kmN3051E4966;;;;
7020;1kmN3052E4966;;;;
1743;1kmN3053E4966;1;;;
2459;1kmN3054E4966;1;;;
46;1kmN3055E4966;1;;1;
222;1kmN3056E4966;1;;1;
2499;1kmN3057E4966;1;;1;
733;1kmN3058E4966;;;;
2015;1kmN3059E4966;;;;
10;1kmN3060E4966;;;;
3784;1kmN3061E4966;;;;
750;1kmN3062E4966;;;;
42;1kmN3063E4966;;;;
23;1kmN3064E4966;;3;;
567;1kmN3065E4966;;3;;
1255;1kmN3066E4966;;;;
217;1kmN3067E4966;;4;;
382;1kmN3068E4966;;4;;
706;1kmN3069E4966;;;;
425;1kmN3070E4966;;;3;
263;1kmN3071E4966;;;;
35;1kmN3072E4966;;;;
287;1kmN3073E4966;;;4;
80;1kmN3074E4966;;;1;
71;1kmN3075E4966;;;1;3
155;1kmN3076E4966;;;;
259;1kmN3077E4966;;;;
209;1kmN3079E4966;;;;
133;1kmN3080E4966;;;;
22;1kmN3081E4966;;;;1
62;1kmN3084E4966;;;;
9;1kmN3085E4966;;;;
9;1kmN3087E4966;;;;
89;1kmN3088E4966;;;;
61;1kmN3089E4966;;;;
257;1kmN3035E4967;;;;
44;1kmN3036E4967;;;;3
85;1kmN3037E4967;;;;
58;1kmN3038E4967;;;;4
306;1kmN3039E4967;;;;4
465;1kmN3040E4967;;;;
6;1kmN3042E4967;;;;
234;1kmN3050E4967;;;;1
4;1kmN3051E4967;;;;
267;1kmN3053E4967;;;;
4997;1kmN3054E4967;1;;;
1161;1kmN3055E4967;1;;;
3544;1kmN3056E4967;1;;;
3245;1kmN3057E4967;;;1;
314;1kmN3058E4967;;;1;
1431;1kmN3059E4967;;;1;
1040;1kmN3060E4967;;;;
6333;1kmN3061E4967;;;;
193;1kmN3062E4967;;;;
1550;1kmN3063E4967;;;;
24;1kmN3064E4967;;3;;
314;1kmN3065E4967;;;;
410;1kmN3066E4967;;;;
65;1kmN3067E4967;;;;
260;1kmN3068E4967;;4;;
394;1kmN3069E4967;;;3;
246;1kmN3070E4967;;;3;
4;1kmN3071E4967;;;1;
192;1kmN3072E4967;;;1;
69;1kmN3073E4967;;;4;
171;1kmN3074E4967;;;;
225;1kmN3075E4967;;;;3
361;1kmN3076E4967;;;;
312;1kmN3077E4967;;;;
159;1kmN3079E4967;;;;
48;1kmN3080E4967;;;;1
8;1kmN3087E4967;;;;
131;1kmN3088E4967;;;;
115;1kmN3089E4967;;;;
6;1kmN3036E4968;;;;3
738;1kmN3037E4968;;;;
132;1kmN3038E4968;;;;4
9;1kmN3039E4968;;;;
32;1kmN3040E4968;;;;
140;1kmN3042E4968;;;3;
203;1kmN3043E4968;;;4;
428;1kmN3048E4968;;4;;
180;1kmN3049E4968;;4;;
377;1kmN3050E4968;;;;1
84;1kmN3051E4968;;;;1
1933;1kmN3054E4968;;;;
175;1kmN3055E4968;1;;;
2156;1kmN3056E4968;1;;;
1949;1kmN3057E4968;1;;;
6053;1kmN3058E4968;1;;;
5137;1kmN3059E4968;;;1;
6944;1kmN3060E4968;;;1;
641;1kmN3061E4968;;;1;
3894;1kmN3062E4968;;;;
12067;1kmN3063E4968;;3;;
4707;1kmN3064E4968;;3;;
1453;1kmN3065E4968;;;;
140;1kmN3066E4968;;;;
180;1kmN3067E4968;;;;
28;1kmN3068E4968;;4;;
284;1kmN3069E4968;;;3;
450;1kmN3070E4968;;;1;
139;1kmN3071E4968;;;1;
234;1kmN3072E4968;;;;
247;1kmN3073E4968;;;4;
241;1kmN3074E4968;;;;3
208;1kmN3075E4968;;;;3
214;1kmN3076E4968;;;;
253;1kmN3077E4968;;;;
126;1kmN3078E4968;;;;4
62;1kmN3079E4968;;;;1
3;1kmN3085E4968;;;;
1;1kmN3087E4968;;;;
197;1kmN3088E4968;;;;
99;1kmN3089E4968;;;;
637;1kmN3036E4969;;;;3
2241;1kmN3037E4969;;;;3
2752;1kmN3038E4969;;;;4
10;1kmN3039E4969;;;;
39;1kmN3040E4969;;;;
57;1kmN3041E4969;;;;
768;1kmN3042E4969;;;3;
234;1kmN3043E4969;;;4;
54;1kmN3046E4969;;;;
50;1kmN3047E4969;;;;
2350;1kmN3048E4969;;4;;
2667;1kmN3049E4969;;3;;
657;1kmN3050E4969;;;;
695;1kmN3051E4969;;;;1
6;1kmN3052E4969;;;;1
588;1kmN3053E4969;;;;
5461;1kmN3054E4969;;;;
4004;1kmN3055E4969;1;;;
95;1kmN3056E4969;1;;;
4051;1kmN3057E4969;1;;;
11001;1kmN3058E4969;1;;;
9128;1kmN3059E4969;1;;;
11725;1kmN3060E4969;;;;
1442;1kmN3061E4969;;;1;
1474;1kmN3062E4969;1;3;1;
5787;1kmN3063E4969;1;3;1;
2663;1kmN3064E4969;1;;1;
386;1kmN3065E4969;;;1;
383;1kmN3066E4969;;;1;
1640;1kmN3067E4969;;;1;
488;1kmN3068E4969;;4;3;
672;1kmN3069E4969;;;3;
98;1kmN3070E4969;;;;
259;1kmN3071E4969;;;;
139;1kmN3073E4969;;;4;
155;1kmN3074E4969;;;;3
106;1kmN3075E4969;;;;
211;1kmN3076E4969;;;;
18;1kmN3077E4969;;;;
456;1kmN3078E4969;;;;4
97;1kmN3083E4969;;;;
265;1kmN3084E4969;;;;
1;1kmN3087E4969;;;;
172;1kmN3088E4969;;;;
37;1kmN3089E4969;;;;
322;1kmN3036E4970;;;;
1245;1kmN3037E4970;;;;3
94;1kmN3038E4970;;;;4
106;1kmN3040E4970;;;;
1256;1kmN3041E4970;;;;
1186;1kmN3042E4970;;;3;
17;1kmN3043E4970;;;4;
107;1kmN3044E4970;;;;
83;1kmN3045E4970;;;;
400;1kmN3046E4970;;;;
350;1kmN3047E4970;;;;
177;1kmN3048E4970;;4;;
417;1kmN3049E4970;;3;;
1194;1kmN3050E4970;;3;;
982;1kmN3051E4970;;;;
638;1kmN3053E4970;;;;1
11065;1kmN3054E4970;1;;;1
9155;1kmN3055E4970;1;;;
1063;1kmN3056E4970;1;;;
5255;1kmN3057E4970;1;;;
12103;1kmN3058E4970;;;;
6170;1kmN3059E4970;1;;;
3878;1kmN3060E4970;1;3;;
1096;1kmN3061E4970;1;3;;
464;1kmN3062E4970;1;3;;
1825;1kmN3063E4970;;;;
2393;1kmN3064E4970;1;;;
165;1kmN3065E4970;;;;
391;1kmN3066E4970;;;;
141;1kmN3067E4970;;;;
75;1kmN3068E4970;;4;3;
944;1kmN3069E4970;;;;
95;1kmN3070E4970;;;;
107;1kmN3071E4970;;;;
135;1kmN3072E4970;;;;
23;1kmN3073E4970;;;4;3
120;1kmN3074E4970;;;;3
1;1kmN3075E4970;;;;
267;1kmN3076E4970;;;;1
138;1kmN3077E4970;;;;1
333;1kmN3078E4970;;;;4
94;1kmN3083E4970;;;;
258;1kmN3084E4970;;;;
5;1kmN3087E4970;;;;
26;1kmN3088E4970;;;;
60;1kmN3036E4971;;;;
92;1kmN3037E4971;;;;3
121;1kmN3038E4971;;;;4
2310;1kmN3041E4971;;;;
76;1kmN3042E4971;;;;
1696;1kmN3043E4971;;;4;
1546;1kmN3044E4971;;;3;
204;1kmN3045E4971;;;;
191;1kmN3047E4971;;;;
730;1kmN3048E4971;;4;;
367;1kmN3049E4971;;;;
1348;1kmN3050E4971;;3;;
365;1kmN3051E4971;1;3;;
138;1kmN3052E4971;1;3;;
488;1kmN3053E4971;1;3;;
5740;1kmN3054E4971;1;;;1
2174;1kmN3055E4971;;;;1
249;1kmN3056E4971;;;;
1387;1kmN3057E4971;1;;;
6378;1kmN3058E4971;;3;;
3797;1kmN3059E4971;;3;;
6293;1kmN3060E4971;;3;;
8233;1kmN3061E4971;;;;
66;1kmN3062E4971;;;;
5173;1kmN3063E4971;;;;
3870;1kmN3064E4971;1;;;
320;1kmN3065E4971;1;;;
490;1kmN3066E4971;;;;
113;1kmN3067E4971;;;3;
245;1kmN3069E4971;;;;
23;1kmN3070E4971;;;;
18;1kmN3072E4971;;;;
145;1kmN3073E4971;;;4;3
113;1kmN3074E4971;;;;
211;1kmN3075E4971;;;;1
134;1kmN3076E4971;;;;1
47;1kmN3077E4971;;;;
335;1kmN3078E4971;;;;4
16;1kmN3079E4971;;;;
234;1kmN3083E4971;;;;
201;1kmN3084E4971;;;;
7;1kmN3085E4971;;;;
133;1kmN3087E4971;;;;
71;1kmN3088E4971;;;;
52;1kmN3089E4971;;;;
46;1kmN3036E4972;;;;
173;1kmN3037E4972;;;;
27;1kmN3038E4972;;;;4
165;1kmN3039E4972;;;;
143;1kmN3040E4972;;;;
288;1kmN3041E4972;;;;
12;1kmN3042E4972;;;;
754;1kmN3043E4972;;;4;
3234;1kmN3044E4972;;;4;
428;1kmN3045E4972;;;3;
515;1kmN3047E4972;;;;
975;1kmN3048E4972;;4;;
768;1kmN3049E4972;1;4;;
450;1kmN3050E4972;1;;;
2123;1kmN3051E4972;1;;;
6918;1kmN3052E4972;;;;
2382;1kmN3053E4972;1;3;;
2126;1kmN3054E4972;;3;;
4807;1kmN3055E4972;;3;;1
2810;1kmN3056E4972;;3;;1
865;1kmN3057E4972;1;3;;1
1896;1kmN3058E4972;;3;;1
305;1kmN3059E4972;;;;
2153;1kmN3060E4972;;;;
2138;1kmN3061E4972;;;;
415;1kmN3062E4972;;;;
8468;1kmN3063E4972;;;;
8576;1kmN3064E4972;;;;
1165;1kmN3065E4972;1;;;
20;1kmN3066E4972;;;3;
408;1kmN3067E4972;;;3;
227;1kmN3068E4972;;4;;
470;1kmN3069E4972;;;;
214;1kmN3070E4972;;;;
36;1kmN3071E4972;;;;
159;1kmN3072E4972;;;;3
171;1kmN3073E4972;;;4;3
128;1kmN3074E4972;;;;1
91;1kmN3075E4972;;;;1
160;1kmN3076E4972;;;;
81;1kmN3077E4972;;;;
3;1kmN3079E4972;;;;
59;1kmN3081E4972;;;;
92;1kmN3084E4972;;;;
178;1kmN3085E4972;;;;
59;1kmN3086E4972;;;;
8;1kmN3087E4972;;;;
104;1kmN3088E4972;;;;
90;1kmN3089E4972;;;;
37;1kmN3090E4972;;;;
67;1kmN3036E4973;;;;
340;1kmN3037E4973;;;;
96;1kmN3038E4973;;;;4
117;1kmN3039E4973;;;;4
233;1kmN3040E4973;;;;
100;1kmN3042E4973;;;;
352;1kmN3043E4973;;;;
301;1kmN3044E4973;;;4;
47;1kmN3045E4973;;;3;
3;1kmN3046E4973;1;;3;
385;1kmN3047E4973;1;;;
513;1kmN3048E4973;1;;;
1437;1kmN3049E4973;1;4;;
414;1kmN3050E4973;;;;
1033;1kmN3051E4973;;;;
122;1kmN3052E4973;;;;
62;1kmN3053E4973;1;;;
786;1kmN3054E4973;1;;;
3395;1kmN3055E4973;;;;
498;1kmN3056E4973;;;;
4574;1kmN3057E4973;1;;;
2216;1kmN3058E4973;1;;;1
7136;1kmN3059E4973;;;;1
11701;1kmN3060E4973;;;;1
5541;1kmN3061E4973;;;;1
7627;1kmN3062E4973;;;;
1654;1kmN3063E4973;;;;
9867;1kmN3064E4973;;;;
1634;1kmN3065E4973;1;;3;
668;1kmN3066E4973;;;3;
59;1kmN3067E4973;;;;
4;1kmN3068E4973;;4;;
41;1kmN3069E4973;;;;1
4;1kmN3070E4973;;;;1
32;1kmN3073E4973;;;4;
330;1kmN3074E4973;;;;
156;1kmN3075E4973;;;;
212;1kmN3076E4973;;;;
387;1kmN3080E4973;;;;
1051;1kmN3081E4973;;;;
19;1kmN3082E4973;;;;
36;1kmN3083E4973;;;;
206;1kmN3084E4973;;;;
60;1kmN3085E4973;;;;
118;1kmN3086E4973;;;;
28;1kmN3087E4973;;;;
407;1kmN3088E4973;;;;
105;1kmN3089E4973;;;;
158;1kmN3090E4973;;;;
120;1kmN3036E4974;;;;
3054;1kmN3037E4974;;;;
5;1kmN3038E4974;;;;
136;1kmN3039E4974;;;;4
566;1kmN3040E4974;;;;3
159;1kmN3041E4974;;;;
506;1kmN3043E4974;;;;
795;1kmN3044E4974;1;;4;
478;1kmN3045E4974;1;;;
22;1kmN3046E4974;1;;3;
31;1kmN3047E4974;;;3;
361;1kmN3049E4974;;4;;
30;1kmN3050E4974;;4;;
128;1kmN3051E4974;;;;
171;1kmN3055E4974;1;;;
153;1kmN3056E4974;;;;
589;1kmN3057E4974;;;;
1929;1kmN3058E4974;1;;;
3057;1kmN3059E4974;;;;
3923;1kmN3060E4974;;;;
3663;1kmN3061E4974;;;;1
2932;1kmN3062E4974;;;;1
546;1kmN3063E4974;;;;1
12807;1kmN3064E4974;;;3;1
1905;1kmN3065E4974;1;;3;1
1612;1kmN3066E4974;1;;;1
2631;1kmN3067E4974;;4;;1
183;1kmN3068E4974;;4;;1
266;1kmN3069E4974;;;;1
5;1kmN3071E4974;;;;3
19;1kmN3072E4974;;;;3
191;1kmN3073E4974;;;4;
297;1kmN3074E4974;;;;
122;1kmN3075E4974;;;;
227;1kmN3076E4974;;;;
41;1kmN3077E4974;;;;
8;1kmN3078E4974;;;;4
19;1kmN3079E4974;;;;
740;1kmN3080E4974;;;;
1537;1kmN3081E4974;;;;
102;1kmN3082E4974;;;;
113;1kmN3086E4974;;;;
137;1kmN3088E4974;;;;
100;1kmN3089E4974;;;;
254;1kmN3090E4974;;;;
323;1kmN3036E4975;;;;
3114;1kmN3037E4975;;;;
51;1kmN3039E4975;;;;4
542;1kmN3040E4975;1;;;3
556;1kmN3041E4975;1;;;3
7;1kmN3042E4975;1;;;
146;1kmN3043E4975;1;;;
1544;1kmN3044E4975;1;;4;
1250;1kmN3045E4975;;;;
450;1kmN3046E4975;;;;
15;1kmN3047E4975;;;3;
11;1kmN3048E4975;;;3;
1847;1kmN3053E4975;;;;
226;1kmN3054E4975;;;;
8;1kmN3056E4975;;;;
468;1kmN3058E4975;1;;;
655;1kmN3059E4975;;;;
12;1kmN3060E4975;;;;
344;1kmN3061E4975;;;;
780;1kmN3063E4975;;;3;
5060;1kmN3064E4975;;;3;
11409;1kmN3065E4975;;;;
8622;1kmN3066E4975;1;4;;
374;1kmN3067E4975;1;4;;
1;1kmN3068E4975;;;;
97;1kmN3069E4975;;;;
130;1kmN3070E4975;;;;3
57;1kmN3071E4975;;;;3
149;1kmN3072E4975;;;4;
258;1kmN3073E4975;;;4;
182;1kmN3074E4975;;;;
136;1kmN3076E4975;;;;
128;1kmN3077E4975;;;;4
59;1kmN3078E4975;;;;4
104;1kmN3079E4975;;;;
47;1kmN3080E4975;;;;
67;1kmN3081E4975;;;;
536;1kmN3082E4975;;;;
132;1kmN3083E4975;;;;
7;1kmN3084E4975;;;;
437;1kmN3085E4975;;;;
220;1kmN3086E4975;;;;
10;1kmN3087E4975;;;;
25;1kmN3088E4975;;;;
210;1kmN3089E4975;;;;
100;1kmN3090E4975;;;;
1293;1kmN3036E4976;1;;;
484;1kmN3037E4976;1;;;
155;1kmN3038E4976;1;;;
106;1kmN3039E4976;1;;;4
1026;1kmN3040E4976;1;;;
1134;1kmN3041E4976;;;;3
64;1kmN3042E4976;;;;3
467;1kmN3043E4976;;;;
845;1kmN3044E4976;;;4;
141;1kmN3045E4976;;;4;
83;1kmN3046E4976;;;;
165;1kmN3048E4976;;;;
5;1kmN3049E4976;;;3;
42;1kmN3051E4976;;4;3;
519;1kmN3053E4976;;;;
1575;1kmN3054E4976;;;;
81;1kmN3055E4976;1;;;
879;1kmN3058E4976;1;;;
1217;1kmN3059E4976;1;;3;
1241;1kmN3060E4976;1;;3;
407;1kmN3061E4976;1;;3;
94;1kmN3062E4976;;;3;
305;1kmN3063E4976;;;;
78;1kmN3064E4976;;;;
8716;1kmN3065E4976;;;;
1370;1kmN3066E4976;;4;;
1945;1kmN3067E4976;1;;;
202;1kmN3068E4976;1;;;
389;1kmN3070E4976;;;;3
3801;1kmN3071E4976;;;;
497;1kmN3072E4976;;;4;
737;1kmN3073E4976;;;;
194;1kmN3074E4976;;;;
412;1kmN3076E4976;;;;
15;1kmN3077E4976;;;;4
118;1kmN3078E4976;;;;
238;1kmN3079E4976;;;;
36;1kmN3082E4976;;;;
83;1kmN3083E4976;;;;
105;1kmN3084E4976;;;;
156;1kmN3085E4976;;;;
101;1kmN3086E4976;;;;
40;1kmN3087E4976;;;;
14;1kmN3089E4976;;;;
158;1kmN3090E4976;;;;
423;1kmN3036E4977;1;;;
108;1kmN3037E4977;;;;
173;1kmN3038E4977;;;;
444;1kmN3039E4977;;;;4
578;1kmN3040E4977;;;;4
437;1kmN3041E4977;;;;
95;1kmN3042E4977;;;;3
440;1kmN3043E4977;;;;3
169;1kmN3044E4977;;;;
67;1kmN3045E4977;;;4;
133;1kmN3046E4977;;;;
542;1kmN3048E4977;;;;
15;1kmN3049E4977;;;;
483;1kmN3052E4977;;4;3;
148;1kmN3053E4977;;;3;
8494;1kmN3054E4977;;;3;
206;1kmN3055E4977;;;3;
2409;1kmN3058E4977;;;3;
1191;1kmN3059E4977;1;;3;
117;1kmN3060E4977;;;;
5135;1kmN3061E4977;1;;;
132;1kmN3062E4977;1;;;
64;1kmN3063E4977;1;;;
459;1kmN3064E4977;;;;
34;1kmN3065E4977;;4;;
587;1kmN3066E4977;;4;;
183;1kmN3067E4977;1;;;
24;1kmN3068E4977;1;;;3
661;1kmN3069E4977;1;;;3
1361;1kmN3070E4977;;;;
1416;1kmN3071E4977;;;4;
22;1kmN3072E4977;;;4;
100;1kmN3073E4977;;;;
12;1kmN3074E4977;;;;
206;1kmN3076E4977;;;;
239;1kmN3078E4977;;;;
160;1kmN3079E4977;;;;
47;1kmN3080E4977;;;;
3;1kmN3082E4977;;;;
13;1kmN3083E4977;;;;
2;1kmN3084E4977;;;;
182;1kmN3085E4977;;;;
82;1kmN3086E4977;;;;
36;1kmN3087E4977;;;;
80;1kmN3088E4977;;;;
25;1kmN3089E4977;;;;
338;1kmN3090E4977;;;;
7;1kmN3038E4978;;;;
70;1kmN3039E4978;;;;
245;1kmN3040E4978;;;;4
24;1kmN3041E4978;;;;
13;1kmN3042E4978;;;;
16;1kmN3043E4978;;;;3
3;1kmN3044E4978;;;;3
60;1kmN3045E4978;;;4;
174;1kmN3046E4978;;;4;
315;1kmN3047E4978;;;;
1020;1kmN3048E4978;;;;
298;1kmN3049E4978;;;;
4;1kmN3052E4978;;4;;
472;1kmN3053E4978;;4;;
3106;1kmN3054E4978;;4;;
522;1kmN3056E4978;;;;
46;1kmN3057E4978;1;;;
3;1kmN3058E4978;;;;
248;1kmN3060E4978;;;;
1813;1kmN3061E4978;;;;
1221;1kmN3062E4978;;;;
144;1kmN3063E4978;1;4;;
452;1kmN3064E4978;1;4;;
110;1kmN3065E4978;1;4;;
162;1kmN3066E4978;1;;;
82;1kmN3067E4978;1;;;3
520;1kmN3069E4978;1;;;
2032;1kmN3070E4978;1;;4;
595;1kmN3071E4978;1;;4;
85;1kmN3072E4978;;;;
9;1kmN3074E4978;;;;
29;1kmN3075E4978;;;;
62;1kmN3076E4978;;;;4
144;1kmN3078E4978;;;;
18;1kmN3080E4978;;;;
168;1kmN3083E4978;;;;
32;1kmN3084E4978;;;;
631;1kmN3085E4978;;;;
48;1kmN3086E4978;;;;
208;1kmN3087E4978;;;;
104;1kmN3088E4978;;;;
5;1kmN3089E4978;;;;
424;1kmN3090E4978;;;;
726;1kmN3037E4979;;;;
470;1kmN3038E4979;;;;
372;1kmN3039E4979;;;;
730;1kmN3040E4979;;;;4
150;1kmN3041E4979;;;;4
523;1kmN3046E4979;;;4;3
877;1kmN3047E4979;;;4;
97;1kmN3048E4979;;;;
547;1kmN3049E4979;;;;
81;1kmN3050E4979;;;;
1385;1kmN3051E4979;;;;
10120;1kmN3052E4979;;;;
6925;1kmN3053E4979;;;;
722;1kmN3054E4979;;4;;
903;1kmN3055E4979;;4;;
807;1kmN3056E4979;;4;;
131;1kmN3057E4979;1;;;
715;1kmN3058E4979;1;;;
6;1kmN3059E4979;1;;;
779;1kmN3060E4979;;4;;
1112;1kmN3061E4979;;4;;
249;1kmN3062E4979;;4;;
1973;1kmN3063E4979;1;4;;
969;1kmN3064E4979;;;;
244;1kmN3069E4979;;;;
22;1kmN3070E4979;;;4;
142;1kmN3071E4979;1;;;
496;1kmN3072E4979;1;;;
4;1kmN3073E4979;;;;
29;1kmN3075E4979;;;;
110;1kmN3076E4979;;;;4
108;1kmN3077E4979;;;;
271;1kmN3083E4979;;;;
166;1kmN3084E4979;;;;
63;1kmN3085E4979;;;;
1;1kmN3089E4979;;;;
31;1kmN3090E4979;;;;
432;1kmN3037E4980;;;;
463;1kmN3039E4980;;;;
1063;1kmN3040E4980;;;;
538;1kmN3041E4980;;;;4
11;1kmN3044E4980;;;;
1766;1kmN3046E4980;;;;3
162;1kmN3047E4980;;;4;3
34;1kmN3048E4980;;;4;3
466;1kmN3049E4980;;;;
1600;1kmN3050E4980;;;;
4689;1kmN3051E4980;;;;
8691;1kmN3052E4980;;;;
1809;1kmN3053E4980;;;;
1106;1kmN3055E4980;;;;
604;1kmN3056E4980;;4;;
1;1kmN3057E4980;1;4;;
442;1kmN3058E4980;1;4;;
20;1kmN3059E4980;1;4;;
139;1kmN3060E4980;1;4;;
83;1kmN3061E4980;1;;;
138;1kmN3062E4980;1;;;
668;1kmN3063E4980;1;;;3
1262;1kmN3064E4980;1;;;3
41;1kmN3065E4980;1;;;3
34;1kmN3071E4980;;;;
601;1kmN3072E4980;1;;;
128;1kmN3073E4980;;;;
456;1kmN3075E4980;;;;4
230;1kmN3076E4980;;;;4
2;1kmN3077E4980;;;;
514;1kmN3083E4980;;;;
399;1kmN3084E4980;;;;
135;1kmN3085E4980;;;;
89;1kmN3088E4980;;;;
172;1kmN3091E4980;;;;
204;1kmN3037E4981;;;;
3161;1kmN3040E4981;;;;
196;1kmN3041E4981;;;;4
1;1kmN3043E4981;;;;
294;1kmN3044E4981;;;;
99;1kmN3045E4981;;;;
125;1kmN3046E4981;;;;
36;1kmN3047E4981;;;;
111;1kmN3048E4981;;;4;3
920;1kmN3049E4981;;;4;3
612;1kmN3050E4981;;;;3
5182;1kmN3051E4981;;;;3
2131;1kmN3052E4981;;;;3
198;1kmN3053E4981;;;;
626;1kmN3055E4981;;;;
3124;1kmN3056E4981;1;;;
3;1kmN3057E4981;1;;;
125;1kmN3058E4981;;;;
63;1kmN3059E4981;;;;3
257;1kmN3060E4981;;;;3
262;1kmN3063E4981;1;;;3
99;1kmN3064E4981;;;;
157;1kmN3065E4981;;;;
29;1kmN3066E4981;;;;
108;1kmN3067E4981;;;;
249;1kmN3068E4981;;;4;
27;1kmN3069E4981;;;4;
410;1kmN3072E4981;1;;;
348;1kmN3073E4981;1;;;
56;1kmN3074E4981;;;;4
562;1kmN3075E4981;;;;4
29;1kmN3076E4981;;;;
3541;1kmN3083E4981;;;;
619;1kmN3084E4981;;;;
287;1kmN3088E4981;;;;
369;1kmN3089E4981;;;;
44;1kmN3090E4981;;;;
32;1kmN3091E4981;;;;
2;1kmN3037E4982;;;;
5;1kmN3039E4982;;;;
2679;1kmN3040E4982;;;;
213;1kmN3041E4982;;;;
5;1kmN3042E4982;;;;4
17;1kmN3046E4982;;;;
76;1kmN3047E4982;;;;
116;1kmN3048E4982;;;;
891;1kmN3049E4982;;;4;
592;1kmN3050E4982;;;4;
1438;1kmN3051E4982;;;;
314;1kmN3052E4982;;;;3
1;1kmN3053E4982;;;;3
308;1kmN3054E4982;;;;3
106;1kmN3055E4982;;;;3
1550;1kmN3056E4982;1;;;3
15;1kmN3060E4982;;;;
136;1kmN3061E4982;;;;
128;1kmN3062E4982;;;;
511;1kmN3063E4982;1;;;
174;1kmN3064E4982;;;;
400;1kmN3065E4982;;;;
483;1kmN3066E4982;;;4;
16;1kmN3067E4982;;;4;
751;1kmN3068E4982;;;4;
4;1kmN3069E4982;;;;
5;1kmN3070E4982;;;;
307;1kmN3072E4982;;;;
185;1kmN3073E4982;1;;;
103;1kmN3074E4982;1;;;4
88;1kmN3075E4982;1;;;
23;1kmN3076E4982;;;;
70;1kmN3077E4982;;;;
73;1kmN3078E4982;;;;
389;1kmN3083E4982;;;;
575;1kmN3084E4982;;;;
535;1kmN3089E4982;;;;
819;1kmN3090E4982;;;;
160;1kmN3091E4982;1;;;
95;1kmN3037E4983;;;;
1;1kmN3038E4983;;;;
196;1kmN3039E4983;;;;
221;1kmN3040E4983;;;;
191;1kmN3041E4983;;;;
51;1kmN3046E4983;;;;
892;1kmN3047E4983;;;;
364;1kmN3048E4983;;;;
243;1kmN3049E4983;;;;
18;1kmN3050E4983;;;4;
104;1kmN3051E4983;;;4;
216;1kmN3052E4983;;;4;
6;1kmN3054E4983;;;;
740;1kmN3055E4983;1;;;
230;1kmN3056E4983;1;;;
2;1kmN3058E4983;;;;
79;1kmN3059E4983;;;;
66;1kmN3061E4983;;;;
2;1kmN3062E4983;;;;
505;1kmN3063E4983;1;;;
34;1kmN3064E4983;;;4;
340;1kmN3068E4983;;;;
70;1kmN3069E4983;;;;
111;1kmN3070E4983;;;;
4;1kmN3071E4983;;;;
52;1kmN3074E4983;;;;4
403;1kmN3076E4983;1;;;
571;1kmN3077E4983;;;;
52;1kmN3078E4983;;;;
206;1kmN3079E4983;;;;
72;1kmN3080E4983;;;;
168;1kmN3083E4983;;;;
521;1kmN3084E4983;;;;
3;1kmN3087E4983;;;;
5;1kmN3088E4983;;;;
173;1kmN3089E4983;1;;;
387;1kmN3090E4983;1;;;
29;1kmN3091E4983;1;;;
150;1kmN3037E4984;;;;
148;1kmN3038E4984;;;;
473;1kmN3039E4984;;;;
523;1kmN3040E4984;;;;
498;1kmN3041E4984;;;;
20;1kmN3042E4984;;;;
165;1kmN3046E4984;;;;
1282;1kmN3047E4984;;;;
1048;1kmN3048E4984;;;;
85;1kmN3049E4984;;;;
478;1kmN3050E4984;;;;
58;1kmN3051E4984;;;;
6;1kmN3052E4984;;;4;
267;1kmN3053E4984;;;4;
473;1kmN3054E4984;1;;4;
224;1kmN3055E4984;1;;4;
118;1kmN3056E4984;;;4;
65;1kmN3059E4984;;;;
80;1kmN3061E4984;;;4;
9;1kmN3062E4984;;;4;
124;1kmN3063E4984;1;;4;
116;1kmN3064E4984;;;4;
36;1kmN3068E4984;;;;
591;1kmN3069E4984;;;;
38;1kmN3070E4984;;;;
26;1kmN3074E4984;;;;
204;1kmN3076E4984;1;;;
76;1kmN3077E4984;;;;
273;1kmN3079E4984;;;;
62;1kmN3080E4984;;;;
7;1kmN3081E4984;;;;
360;1kmN3083E4984;;;;
77;1kmN3084E4984;;;;
104;1kmN3085E4984;;;;
293;1kmN3086E4984;;;;
226;1kmN3087E4984;1;;;
44;1kmN3088E4984;1;;;
37;1kmN3089E4984;1;;;
233;1kmN3039E4985;;;;
1449;1kmN3040E4985;;;;
3400;1kmN3041E4985;;;;
729;1kmN3042E4985;;;;
148;1kmN3047E4985;;;;
12;1kmN3049E4985;;;;
370;1kmN3050E4985;;;;
28;1kmN3052E4985;1;;;
800;1kmN3053E4985;1;;;
679;1kmN3054E4985;1;;;
52;1kmN3061E4985;;;4;
157;1kmN3062E4985;;;;
32;1kmN3063E4985;1;;;
30;1kmN3068E4985;;;;
98;1kmN3069E4985;;;;
9;1kmN3070E4985;;;;
70;1kmN3075E4985;;;;
145;1kmN3076E4985;1;;;
520;1kmN3077E4985;1;;;
1869;1kmN3078E4985;;;;
69;1kmN3079E4985;;;;
67;1kmN3080E4985;;;;
222;1kmN3081E4985;;;;
15;1kmN3082E4985;;;;
49;1kmN3083E4985;;;;
81;1kmN3084E4985;;;;
91;1kmN3085E4985;;;;
737;1kmN3086E4985;1;;;
306;1kmN3087E4985;1;;;
13;1kmN3088E4985;;;;
137;1kmN3089E4985;;;;
9;1kmN3090E4985;;;;
449;1kmN3039E4986;;;;
2285;1kmN3040E4986;;;;
4806;1kmN3041E4986;;;;
942;1kmN3042E4986;;;;
1;1kmN3045E4986;;;;
82;1kmN3046E4986;;;;4
291;1kmN3047E4986;;;;4
48;1kmN3048E4986;;;;
269;1kmN3049E4986;;;;
31;1kmN3050E4986;;;;
876;1kmN3053E4986;;;;
787;1kmN3054E4986;;;;
46;1kmN3055E4986;;;;
9;1kmN3060E4986;;;;
108;1kmN3061E4986;;;;
691;1kmN3062E4986;1;;;
447;1kmN3063E4986;1;;;
33;1kmN3064E4986;1;;;
46;1kmN3066E4986;;;;
338;1kmN3067E4986;;;;
163;1kmN3068E4986;;;;
18;1kmN3075E4986;;;;
229;1kmN3076E4986;;;;
1562;1kmN3077E4986;1;;;
1384;1kmN3078E4986;1;;;
47;1kmN3079E4986;1;;;
26;1kmN3080E4986;;;;
85;1kmN3081E4986;;;;
39;1kmN3082E4986;;;;
886;1kmN3083E4986;;;;
1117;1kmN3084E4986;;;;
1005;1kmN3085E4986;1;;;
1596;1kmN3086E4986;1;;;
539;1kmN3087E4986;;;;
262;1kmN3088E4986;;;;
48;1kmN3089E4986;;;;
52;1kmN3090E4986;;;;
601;1kmN3038E4987;;;;
675;1kmN3039E4987;;;;
10;1kmN3040E4987;;;;
446;1kmN3041E4987;;;;
89;1kmN3042E4987;;;;
71;1kmN3046E4987;;;;
30;1kmN3047E4987;;;;4
446;1kmN3049E4987;;;;4
5;1kmN3050E4987;;;;
187;1kmN3053E4987;;;;
888;1kmN3054E4987;;;;
69;1kmN3055E4987;;;;
133;1kmN3061E4987;1;;;
396;1kmN3062E4987;1;;;
2878;1kmN3063E4987;;;;
66;1kmN3064E4987;1;;;
159;1kmN3066E4987;;;;
10;1kmN3067E4987;;;;4
53;1kmN3068E4987;;;;4
97;1kmN3069E4987;;;;4
53;1kmN3073E4987;;;;
233;1kmN3074E4987;;;;
5;1kmN3075E4987;;;;
262;1kmN3076E4987;;;;
869;1kmN3077E4987;;;;
330;1kmN3078E4987;;;;
5;1kmN3079E4987;1;;;
4;1kmN3082E4987;1;;;
1361;1kmN3083E4987;1;;;
3548;1kmN3084E4987;1;;;
3952;1kmN3085E4987;1;;;
132;1kmN3086E4987;;;;
77;1kmN3087E4987;;;;
666;1kmN3088E4987;;;;
2;1kmN3089E4987;;;;
499;1kmN3038E4988;;;;
1068;1kmN3039E4988;;;;
581;1kmN3040E4988;;;;
161;1kmN3041E4988;;;;
9;1kmN3043E4988;;;;
169;1kmN3044E4988;;;;
574;1kmN3046E4988;;;;
48;1kmN3047E4988;;;;
391;1kmN3048E4988;;;;
571;1kmN3049E4988;;;;4
144;1kmN3050E4988;1;;;4
17;1kmN3051E4988;1;;;4
4;1kmN3053E4988;;;;
1;1kmN3054E4988;;;;
40;1kmN3060E4988;;;;
8;1kmN3062E4988;;;;
834;1kmN3063E4988;;;;
568;1kmN3064E4988;;;;
227;1kmN3065E4988;;;;4
137;1kmN3066E4988;;;;4
101;1kmN3067E4988;;;;4
63;1kmN3068E4988;;;;
120;1kmN3069E4988;;;;
17;1kmN3070E4988;;;;
27;1kmN3071E4988;;;;
60;1kmN3072E4988;;;;
659;1kmN3073E4988;;;;
453;1kmN3074E4988;;;;
9;1kmN3076E4988;;;;
131;1kmN3077E4988;;;;
200;1kmN3078E4988;;;;
114;1kmN3079E4988;;;;
8;1kmN3080E4988;;;;
24;1kmN3082E4988;1;;;
4259;1kmN3083E4988;;;;
6931;1kmN3084E4988;;;;
12928;1kmN3085E4988;;;;
842;1kmN3086E4988;;;;
23;1kmN3087E4988;;;;
282;1kmN3088E4988;;;;
267;1kmN3091E4988;;;;
542;1kmN3092E4988;;;;
19;1kmN3039E4989;;;;
124;1kmN3040E4989;;;;
322;1kmN3041E4989;;;;
166;1kmN3042E4989;;;;
10;1kmN3043E4989;;;;
29;1kmN3044E4989;;;;
324;1kmN3045E4989;;;;
778;1kmN3046E4989;;;;
73;1kmN3047E4989;;;;
1227;1kmN3048E4989;;;;
419;1kmN3049E4989;1;;;
177;1kmN3050E4989;1;;;
5;1kmN3051E4989;;;;4
26;1kmN3060E4989;;;;
20;1kmN3061E4989;1;;;4
556;1kmN3062E4989;;;;4
123;1kmN3063E4989;;;;4
81;1kmN3064E4989;;;;4
430;1kmN3065E4989;;;;4
150;1kmN3066E4989;;;;
6;1kmN3067E4989;;;;
133;1kmN3068E4989;;;;
200;1kmN3069E4989;;;;
6;1kmN3070E4989;;;;
2;1kmN3071E4989;;;;
48;1kmN3072E4989;;;;
800;1kmN3073E4989;;;;
63;1kmN3074E4989;;;;
8;1kmN3075E4989;;;;
138;1kmN3077E4989;;;;
380;1kmN3078E4989;;;;
30;1kmN3079E4989;;;;
22;1kmN3082E4989;;;;
882;1kmN3083E4989;;;;
1264;1kmN3084E4989;;;;
1359;1kmN3085E4989;;;;
704;1kmN3086E4989;;;;
710;1kmN3087E4989;;;;
231;1kmN3090E4989;;;;
164;1kmN3091E4989;;;;
25;1kmN3092E4989;;;;
13;1kmN3039E4990;;;;
229;1kmN3040E4990;;;;
575;1kmN3041E4990;;;;
28;1kmN3042E4990;;;;
284;1kmN3043E4990;;;;
1264;1kmN3044E4990;;;;
2482;1kmN3045E4990;;;;
2511;1kmN3046E4990;;;;
12;1kmN3047E4990;;;;
267;1kmN3048E4990;;;;
585;1kmN3049E4990;1;;;
529;1kmN3050E4990;;;;
225;1kmN3051E4990;;;;
185;1kmN3052E4990;;;;
177;1kmN3053E4990;;;;
6;1kmN3061E4990;1;;;4
524;1kmN3062E4990;;;;
491;1kmN3063E4990;;;;
400;1kmN3064E4990;;;;
306;1kmN3065E4990;;;;
2;1kmN3066E4990;;;;
142;1kmN3068E4990;;;;
210;1kmN3069E4990;;;;
26;1kmN3070E4990;;;;
45;1kmN3073E4990;;;;
23;1kmN3075E4990;;;;
4;1kmN3076E4990;;;;
27;1kmN3077E4990;;;;
41;1kmN3078E4990;;;;
2;1kmN3081E4990;;;;
13;1kmN3082E4990;;;;
191;1kmN3083E4990;;;;
582;1kmN3084E4990;;;;
73;1kmN3085E4990;;;;
271;1kmN3086E4990;;;;
94;1kmN3087E4990;;;;
296;1kmN3088E4990;;;;
1;1kmN3089E4990;;;;
708;1kmN3040E4991;;;;
456;1kmN3041E4991;;;;
68;1kmN3042E4991;;;;
71;1kmN3043E4991;;;;
4545;1kmN3044E4991;;;;
5048;1kmN3045E4991;;;;
9778;1kmN3046E4991;;;;
2115;1kmN3047E4991;;;;
147;1kmN3048E4991;1;;;
198;1kmN3049E4991;1;;;
396;1kmN3050E4991;;;;
237;1kmN3051E4991;;;;
1181;1kmN3052E4991;;;;
319;1kmN3053E4991;;;;
244;1kmN3056E4991;;;;
237;1kmN3057E4991;;;;
497;1kmN3061E4991;;;;
48;1kmN3062E4991;;;;
426;1kmN3063E4991;;;;
577;1kmN3064E4991;;;;
65;1kmN3065E4991;;;;
344;1kmN3069E4991;;;;
186;1kmN3070E4991;;;;
26;1kmN3072E4991;;;;
259;1kmN3073E4991;;;;
285;1kmN3074E4991;;;;
25;1kmN3081E4991;;;;
25;1kmN3082E4991;;;;
259;1kmN3083E4991;;;;
388;1kmN3084E4991;;;;
40;1kmN3085E4991;;;;
480;1kmN3086E4991;;;;
37;1kmN3087E4991;;;;
23;1kmN3090E4991;;;;
69;1kmN3091E4991;;;;
10;1kmN3092E4991;;;;
538;1kmN3040E4992;;;;
480;1kmN3041E4992;;;;
396;1kmN3042E4992;;;;
806;1kmN3043E4992;;;;
379;1kmN3044E4992;;;;
1131;1kmN3045E4992;;;;
4693;1kmN3046E4992;;;;
247;1kmN3047E4992;;;;
19;1kmN3048E4992;1;;;
201;1kmN3049E4992;;;;
276;1kmN3050E4992;;;;
50;1kmN3051E4992;;;;
812;1kmN3052E4992;;;;
735;1kmN3053E4992;;;;
67;1kmN3057E4992;;;;
1155;1kmN3060E4992;1;;;
332;1kmN3061E4992;;;;
578;1kmN3062E4992;;;;
347;1kmN3063E4992;;;;
484;1kmN3064E4992;;;;
154;1kmN3065E4992;;;;
632;1kmN3066E4992;;;;
97;1kmN3069E4992;;;;
214;1kmN3070E4992;;;;
6;1kmN3072E4992;;;;
60;1kmN3074E4992;;;;
4;1kmN3076E4992;;;;
163;1kmN3082E4992;;;;
554;1kmN3083E4992;;;;
151;1kmN3084E4992;;;;
633;1kmN3085E4992;;;;
809;1kmN3086E4992;;;;
11;1kmN3087E4992;;;;
139;1kmN3089E4992;;;;
38;1kmN3090E4992;;;;
168;1kmN3091E4992;;;;
5;1kmN3038E4993;;;;
156;1kmN3039E4993;;;;
8;1kmN3040E4993;;;;
400;1kmN3041E4993;;;;
295;1kmN3042E4993;;;;
193;1kmN3043E4993;;;;
298;1kmN3044E4993;;;;
553;1kmN3045E4993;;;;
77;1kmN3046E4993;;;;
493;1kmN3047E4993;;;;
217;1kmN3048E4993;1;;;
1274;1kmN3049E4993;;;;
671;1kmN3050E4993;;;;
97;1kmN3051E4993;;;;
159;1kmN3052E4993;;;;
2317;1kmN3053E4993;;;;
35;1kmN3054E4993;;;;
22;1kmN3059E4993;;;;
4019;1kmN3060E4993;1;;;
361;1kmN3061E4993;;;;
47;1kmN3062E4993;;;;
203;1kmN3063E4993;;;;
242;1kmN3064E4993;;;;
451;1kmN3065E4993;;;;
106;1kmN3066E4993;;;;
12;1kmN3069E4993;;;;
48;1kmN3070E4993;;;;
30;1kmN3072E4993;;;;
23;1kmN3074E4993;;;;
64;1kmN3076E4993;;;;
86;1kmN3080E4993;;;;
37;1kmN3081E4993;;;;
428;1kmN3082E4993;;;;
162;1kmN3083E4993;;;;
138;1kmN3084E4993;;;;
623;1kmN3039E4994;;;;
137;1kmN3040E4994;;;;
99;1kmN3041E4994;;;;
274;1kmN3042E4994;;;;
187;1kmN3043E4994;;;;
195;1kmN3044E4994;;;;
149;1kmN3045E4994;;;;
2;1kmN3046E4994;;;;
452;1kmN3047E4994;;;;
385;1kmN3048E4994;1;;;
591;1kmN3049E4994;;;;
1076;1kmN3050E4994;;;;
1152;1kmN3051E4994;;;;
8;1kmN3052E4994;;;;
28;1kmN3053E4994;;;;
163;1kmN3054E4994;;;;
329;1kmN3057E4994;;;;
37;1kmN3058E4994;;;;
2;1kmN3059E4994;;;;
1061;1kmN3060E4994;1;;;
26;1kmN3061E4994;;;;
174;1kmN3063E4994;;;;
1160;1kmN3064E4994;;;;
259;1kmN3065E4994;;;;
72;1kmN3071E4994;;;;
120;1kmN3072E4994;;;;
8;1kmN3073E4994;;;;
98;1kmN3039E4995;;;;
318;1kmN3040E4995;;;;
467;1kmN3041E4995;;;;
962;1kmN3042E4995;;;;
80;1kmN3044E4995;;;;
235;1kmN3045E4995;;;;
92;1kmN3046E4995;;;;
8;1kmN3047E4995;1;;;
2048;1kmN3048E4995;1;;;
1401;1kmN3049E4995;;;;
421;1kmN3050E4995;;;;
754;1kmN3051E4995;;;;
453;1kmN3052E4995;;;;
486;1kmN3054E4995;;;;
319;1kmN3060E4995;1;;;
67;1kmN3061E4995;1;;;
111;1kmN3064E4995;;;;
187;1kmN3065E4995;;;;
33;1kmN3066E4995;;;;
6;1kmN3039E4996;;;;
81;1kmN3040E4996;;;;
142;1kmN3041E4996;;;;
710;1kmN3042E4996;;;;
457;1kmN3043E4996;;;;
461;1kmN3044E4996;;;;
6;1kmN3045E4996;;;;
448;1kmN3047E4996;1;;;
2459;1kmN3048E4996;;;;
1228;1kmN3049E4996;;;;
594;1kmN3051E4996;;;;
286;1kmN3052E4996;;;;
24;1kmN3058E4996;;;;
3;1kmN3059E4996;;;;
63;1kmN3040E4997;;;;
26;1kmN3041E4997;;;;
42;1kmN3042E4997;;;;
290;1kmN3043E4997;;;;
611;1kmN3044E4997;;;;
593;1kmN3047E4997;1;;;
634;1kmN3048E4997;;;;
385;1kmN3049E4997;;;;
17;1kmN3050E4997;;;;
2;1kmN3051E4997;;;;
372;1kmN3053E4997;;;;
209;1kmN3054E4997;;;;
152;1kmN3039E4998;;;;
17;1kmN3040E4998;;;;
36;1kmN3041E4998;;;;
162;1kmN3043E4998;;;;
123;1kmN3047E4998;1;;;
